Date,Soil temperature_Control (oC),Soil temperature_Warming (oC),Daily precipitation (mm),Flooding Depth (cm)
11/1/2014,14.1,14.2,0,0
11/2/2014,12.5,13.1,0,0
11/3/2014,11.2,11.9,0,0
11/4/2014,11.1,13,0,0
11/5/2014,11.4,13.4,0,0
11/6/2014,10.9,12.8,0,0
11/7/2014,10.3,12.1,0,0
11/8/2014,10.2,12.7,0,0
11/9/2014,9.7,12.2,0,0
11/10/2014,9.6,12.3,0,0
11/11/2014,9.8,12.5,0,0
11/12/2014,8.8,10.6,0,0
11/13/2014,7.4,9.3,0,0
11/14/2014,6.9,9.4,0,0
11/15/2014,7.5,10.6,1.7,0
11/16/2014,8.4,11.5,0.2,0
11/17/2014,7.6,10.1,0.1,0
11/18/2014,6.9,9.8,0,0
11/19/2014,7.1,10.2,0,0
11/20/2014,7.9,10.8,0,0
11/21/2014,8.3,11.6,0,0
11/22/2014,8.7,12.1,0,0
11/23/2014,8.6,12.2,0,0
11/24/2014,8.5,12,0,0
11/25/2014,7.4,9.3,0,0
11/26/2014,7.1,9.6,0,0
11/27/2014,7.9,11.4,8,0
11/28/2014,8.4,11.2,5.2,0
11/29/2014,6.7,9.5,2.6,0
11/30/2014,7.5,10.4,1,0
12/1/2014,4,5.2,0.1,0
12/2/2014,2.3,3.5,0,0
12/3/2014,1.9,3.3,0,0
12/4/2014,1.3,2.4,0,0
12/5/2014,1,2.2,0,0
12/6/2014,1,2.8,0,0
12/7/2014,2.5,4.5,0,0
12/8/2014,2.7,4.7,0.1,0
12/9/2014,1.7,4.3,0,0
12/10/2014,3,5.4,0.3,0
12/11/2014,2.1,4,0,0
12/12/2014,1,3,0,0
12/13/2014,0.9,3,0,0
12/14/2014,1.1,3.6,0,0
12/15/2014,1.4,4.1,0,0
12/16/2014,0.6,2,0,0
12/17/2014,0.3,1.8,0,0
12/18/2014,0.8,3,0,0
12/19/2014,2,3.9,0,0
12/20/2014,1.3,2.8,0,0
12/21/2014,0.3,1.6,0,0
12/22/2014,0.6,1.7,0,0
12/23/2014,1,1.5,0,0
12/24/2014,1.3,1.6,0,0
12/25/2014,1,2.2,0,0
12/26/2014,0.9,3,0,0
12/27/2014,1.1,3.8,0,0
12/28/2014,0.9,3.8,0,0
12/29/2014,1,3.7,0,0
12/30/2014,1.3,4.1,0,0
12/31/2014,1.7,3.4,0,0
1/1/2015,0.6,1.8,0,0
1/2/2015,0.5,2.2,0,0
1/3/2015,0.5,2.5,0,0
1/4/2015,0.8,3.5,0,0
1/5/2015,2.2,4.9,2.4,0
1/6/2015,1.9,4,0,0
1/7/2015,0.6,3.2,0,0
1/8/2015,0.3,3,0,0
1/9/2015,0.2,3,0,0
1/10/2015,0.2,2.9,0,0
1/11/2015,1,3.7,0,0
1/12/2015,0.6,3.4,0,0
1/13/2015,0.8,4,0,0
1/14/2015,1.2,5.4,0.1,0
1/15/2015,1.5,6.3,0,0
1/16/2015,1.3,5.5,0.1,0
1/17/2015,0.1,4,0,0
1/18/2015,0.6,4.3,0,0
1/19/2015,0.9,4.4,0,0
1/20/2015,1.1,4.1,0,0
1/21/2015,1.7,4.6,0,0
1/22/2015,0.4,3.5,0.7,0
1/23/2015,0.7,4,0,0
1/24/2015,0.6,4.2,2.7,0
1/25/2015,1.8,4.9,4,0
1/26/2015,1.1,4,0,0
1/27/2015,0.1,3,0,0
1/28/2015,-0.4,3.1,0,0
1/29/2015,0.2,4.1,0,0
1/30/2015,0,3,0,0
1/31/2015,-0.6,2.8,0,0
2/1/2015,-0.7,3.3,0,0
2/2/2015,-0.4,4.1,0,0
2/3/2015,0.5,5.4,0,0
2/4/2015,0.1,3.7,0,0
2/5/2015,-0.2,3.5,0,0
2/6/2015,0.2,3.8,0,0
2/7/2015,0.4,4,0,0
2/8/2015,-0.5,2.6,0,0
2/9/2015,-0.6,2.6,0,0
2/10/2015,0.2,3.9,0,0
2/11/2015,0.7,4.7,0,0
2/12/2015,0.6,4.5,0,0
2/13/2015,1,5.1,0,0
2/14/2015,2.7,6.4,0,0
2/15/2015,3.8,7.2,0.6,0
2/16/2015,3.1,6.5,2.5,0
2/17/2015,1.9,6.1,0,0
2/18/2015,1.5,6.1,0,0
2/19/2015,1.4,6.1,0,0
2/20/2015,2.7,7,1.1,0
2/21/2015,3.5,7.2,2,0
2/22/2015,2.2,5.3,0,0
2/23/2015,1.6,5.3,0,0
2/24/2015,2.2,6.4,0,0
2/25/2015,3.6,7.6,0.1,0
2/26/2015,2.9,7.1,0,0
2/27/2015,2.1,6.4,0,0
2/28/2015,2.9,7.1,0,0
3/1/2015,3.5,7.6,0,0
3/2/2015,4.4,8.4,0,0
3/3/2015,4.8,8.6,0,0
3/4/2015,3,6.8,0,0
3/5/2015,3,7.3,0,0
3/6/2015,3.5,7.5,0,0
3/7/2015,5,8.7,0,0
3/8/2015,5.7,8.9,0,0
3/9/2015,4.1,7.1,0.1,0
3/10/2015,2.8,5.8,0,0
3/11/2015,3.9,6.2,0,0
3/12/2015,4.3,7.1,0,0
3/13/2015,5,8.2,0,0
3/14/2015,4.7,8.2,0,0
3/15/2015,7.3,10.5,0,0
3/16/2015,9,12,0,0
3/17/2015,8.9,12,0,0
3/18/2015,7.7,10.8,0,0
3/19/2015,7.7,11.7,0,0
3/20/2015,8.9,13.1,0,0
3/21/2015,9.7,13.8,0,0
3/22/2015,7.6,11.7,0,0
3/23/2015,7.5,11.6,0,0
3/24/2015,8.8,12.7,0,0
3/25/2015,9.9,13.9,0,0
3/26/2015,10.6,14.6,0,0
3/27/2015,11.1,14.9,0,0
3/28/2015,12.2,15.7,0,0
3/29/2015,13.4,17.2,0,0
3/30/2015,13.8,16.8,0,0
3/31/2015,12.4,15.1,1.8,0
4/1/2015,9.5,11.7,3.4,0
4/2/2015,8.3,10.2,25.9,0
4/3/2015,9.1,11.3,0,0
4/4/2015,9.6,12.4,0,0
4/5/2015,10.5,13.7,0,0
4/6/2015,8.1,11.3,0,0
4/7/2015,7.6,11.5,0,0
4/8/2015,8.1,12.1,0,0
4/9/2015,9.3,12.7,0,0
4/10/2015,10.9,14.4,0,0
4/11/2015,12.2,15.1,0.9,0
4/12/2015,10.2,12.8,6.8,0
4/13/2015,9,10.9,1.7,0
4/14/2015,10.3,12.5,0,0
4/15/2015,13.1,16,0,0
4/16/2015,14.1,17.6,0,0
4/17/2015,13.6,17.6,0,0
4/18/2015,14.6,17.7,0,0
4/19/2015,11.8,14.8,5.1,0
4/20/2015,12.1,14.8,0,0
4/21/2015,14.1,17.4,3,0
4/22/2015,15.6,18.2,0.1,0
4/23/2015,17.1,19.1,0,0
4/24/2015,17.4,19.5,0,0
4/25/2015,18.8,20.8,0,0
4/26/2015,20.6,23.6,0,0
4/27/2015,20.2,23.4,0,0
4/28/2015,19.2,22,0,0
4/29/2015,19.1,22.1,0,0
4/30/2015,20.5,24,0.1,0
5/1/2015,21.3,24.2,0,0
5/2/2015,18.9,21.7,0.6,0
5/3/2015,18.9,22.2,0.1,0
5/4/2015,19.2,22.7,0,0
5/5/2015,20.3,23.5,0,0
5/6/2015,18.6,21.9,3.8,0
5/7/2015,17.7,20.7,2.9,0
5/8/2015,18.9,21.9,0.1,0
5/9/2015,15.6,18.2,25.4,0
5/10/2015,16.2,17.9,0,0
5/11/2015,15.1,17.2,7.9,0
5/12/2015,15.4,17,0.3,0
5/13/2015,18.1,20.3,0,0
5/14/2015,19.8,23.3,0,0
5/15/2015,18.9,23.2,0,0
5/16/2015,18.9,23.6,0,0
5/17/2015,21,25.1,0,0
5/18/2015,21.7,25.6,0.2,0
5/19/2015,21.2,25.8,0.4,0
5/20/2015,21.2,26,0,0
5/21/2015,20.6,24.9,0,0
5/22/2015,21.1,25.2,0,0
5/23/2015,22.5,26.1,0,0
5/24/2015,23.2,26.8,0,0
5/25/2015,24,27.4,0,0
5/26/2015,24.6,27.9,0,0
5/27/2015,24.6,27.8,0,0
5/28/2015,24.1,27,0,0
5/29/2015,23.3,26,0.9,0
5/30/2015,23.8,26.7,0,0
5/31/2015,24.5,28.1,0,0
6/1/2015,25.2,28.6,0,0
6/2/2015,24.3,27.6,1,0
6/3/2015,24.4,28.4,0,0
6/4/2015,23.2,27.6,0,0
6/5/2015,24.4,28.2,0,0
6/6/2015,26,29.7,0.4,0
6/7/2015,24.8,28.6,26.1,0
6/8/2015,24.2,26.4,1,0
6/9/2015,24.8,26.8,0,0
6/10/2015,24.5,26.7,5.6,0
6/11/2015,23.5,26,3.2,0
6/12/2015,24,27.6,0,0
6/13/2015,24.5,28.7,0,0
6/14/2015,24.5,28.7,0,0
6/15/2015,23.9,28.7,0,0
6/16/2015,24.8,29.5,0,0
6/17/2015,25.7,30.2,0,0
6/18/2015,26.2,30.5,0,0
6/19/2015,23.4,27.6,2.1,0
6/20/2015,23.3,27.4,0,0
6/21/2015,24.3,29.5,0,0
6/22/2015,25.6,30.2,0,0
6/23/2015,25.7,29.8,0,0
6/24/2015,26,30.1,0,0
6/25/2015,24.2,28,4.1,0
6/26/2015,23.8,27.6,0,0
6/27/2015,25.2,29.3,0,0
6/28/2015,26.2,30.4,0,0
6/29/2015,25,28.8,0,0
6/30/2015,23.9,27.9,0,0
7/1/2015,24.5,29.1,0.4,0
7/2/2015,26.2,31.2,0,0
7/3/2015,26.1,31,0,0
7/4/2015,24.8,29,2,0
7/5/2015,24.7,27.7,0,0
7/6/2015,25.6,28.5,0,0
7/7/2015,26.1,29.5,0,0
7/8/2015,26.1,30.1,0,0
7/9/2015,26.1,29.8,0,0
7/10/2015,27.3,30.2,0,0
7/11/2015,27.2,30,1.6,0
7/12/2015,26.9,29.7,0,0
7/13/2015,28.1,31.4,0,0
7/14/2015,28.8,33.2,0,0
7/15/2015,28.4,33.1,0,0
7/16/2015,27.5,31.7,0,0
7/17/2015,27,30.9,1.1,0
7/18/2015,27,31.1,0,0
7/19/2015,27.2,31.3,0,0
7/20/2015,27.5,31.5,0,0
7/21/2015,28.1,32.1,0,0
7/22/2015,27.7,31.8,0.5,0
7/23/2015,27.8,31.9,0.3,0
7/24/2015,27.9,31.9,0,0
7/25/2015,28.4,32.8,0,0
7/26/2015,29,33.6,0,0
7/27/2015,29.7,34.1,0,0
7/28/2015,30,34.2,0,0
7/29/2015,30,34.1,1.7,0
7/30/2015,28.5,32,31,0
7/31/2015,27.9,31.1,4.3,0
8/1/2015,27.9,30.9,0,0
8/2/2015,28.5,32.3,3,0
8/3/2015,26.8,29,125.3,18
8/4/2015,26.5,27.7,2,15.8
8/5/2015,27.5,29.8,0,13.5
8/6/2015,26.9,28.7,3.2,10.9
8/7/2015,26.5,28.2,8.3,8.8
8/8/2015,27.1,28.9,0.2,8
8/9/2015,27.8,29.4,0,7.4
8/10/2015,27.9,29.5,0,6.8
8/11/2015,27.4,29.1,0,6
8/12/2015,26.9,28.8,0,5.2
8/13/2015,27.1,29.3,0,4
8/14/2015,27.1,29.4,1.5,3.5
8/15/2015,27.2,29.1,10.8,3.5
8/16/2015,27.2,29.2,0,3.4
8/17/2015,27,28.9,0,3.2
8/18/2015,26.8,28.8,0,3
8/19/2015,26.3,28.3,11.3,3
8/20/2015,25.5,27,0.1,3
8/21/2015,25.6,27.4,0,2.8
8/22/2015,25.5,27.1,1.2,2.8
8/23/2015,25.2,26.6,17.1,3
8/24/2015,25,26.6,0,3
8/25/2015,25,26.4,1.4,2.7
8/26/2015,24.7,26.2,6.5,2.5
8/27/2015,24.5,25.8,3,2.2
8/28/2015,24.3,26.1,0,2
8/29/2015,24.5,26.4,0,1.7
8/30/2015,24.1,25.8,0,1.5
8/31/2015,23.9,25.6,8.5,1.5
9/1/2015,22.8,23.8,37.6,1.2
9/2/2015,22.8,24,6.2,1.5
9/3/2015,23.6,25.4,0,1.5
9/4/2015,24.2,25.8,1.8,1.4
9/5/2015,23.2,24.4,4.9,1.4
9/6/2015,22.8,23.7,0,1.2
9/7/2015,21.8,23.3,0.1,1
9/8/2015,22.1,23.8,0,0.8
9/9/2015,23,24.6,0,0.6
9/10/2015,22.6,23.8,1.1,0.4
9/11/2015,20.8,22.2,5.4,0.3
9/12/2015,19.8,21.3,0.1,0.1
9/13/2015,19.4,20.9,0,0
9/14/2015,20,21.7,0,0
9/15/2015,21.2,22.7,0,0
9/16/2015,20.9,22.6,0,0
9/17/2015,21,23.1,0,0
9/18/2015,21.7,23.9,0,0
9/19/2015,22,24.2,0,0
9/20/2015,20.9,23.3,0.1,0
9/21/2015,20.6,23,0,0
9/22/2015,21.7,23.5,0,0
9/23/2015,22.3,24.4,0,0
9/24/2015,22.5,24.8,0,0
9/25/2015,22,24.4,1.2,0
9/26/2015,20,22.7,0,0
9/27/2015,19.9,22.7,0,0
9/28/2015,20.4,22.9,0.7,0
9/29/2015,20,21.9,0.7,0
9/30/2015,19.8,21.9,0.1,0
10/1/2015,19.1,21.3,0.6,0
10/2/2015,17.6,19.9,0.2,0
10/3/2015,18.1,20.3,0.6,0
10/4/2015,18.5,21,0,0
10/5/2015,19.3,21.8,0,0
10/6/2015,19.6,22.1,0,0
10/7/2015,20.4,22.6,0,0
10/8/2015,19.1,21.6,0,0
10/9/2015,16.5,19.1,0,0
10/10/2015,15.4,18,0,0
10/11/2015,14.3,16.7,0,0
10/12/2015,14.9,17.5,0,0
10/13/2015,15.2,18.1,0,0
10/14/2015,15.7,18.8,0,0
10/15/2015,17.2,20.2,0.2,0
10/16/2015,16.5,19.7,0,0
10/17/2015,17.4,20.2,0.2,0
10/18/2015,16.7,19.4,0,0
10/19/2015,16.8,19.6,0,0
10/20/2015,17.1,20,0,0
10/21/2015,16.8,19.4,0.2,0
10/22/2015,16.3,18.9,0,0
10/23/2015,16.2,18.9,0.1,0
10/24/2015,15.7,18.1,0,0
10/25/2015,14.9,17.2,0,0
10/26/2015,14.4,17.1,0.7,0
10/27/2015,13.1,15.7,0.1,0
10/28/2015,11.9,14.9,0,0
10/29/2015,10.7,13.9,0,0
10/30/2015,10.1,13,0,0
10/31/2015,9.3,12.6,0,0
11/1/2015,10.7,14.1,0,0
11/2/2015,10.7,14.1,0,0
11/3/2015,10.6,14.1,0,0
11/4/2015,12.2,15.3,0,0
11/5/2015,11.9,15,2.7,0
11/6/2015,10.7,12.5,31.2,0
11/7/2015,10.1,11.6,16.4,0
11/8/2015,9.6,11.5,0.7,0
11/9/2015,9.5,11.6,0,0
11/10/2015,9.5,12.1,0,0
11/11/2015,9.2,12.1,0,0
11/12/2015,9.7,12.2,0,0
11/13/2015,10.8,13.1,5.7,0
11/14/2015,11.5,14.2,2,0
11/15/2015,11,14,0,0
11/16/2015,11.1,13.5,0,0
11/17/2015,9.1,11.6,0,0
11/18/2015,8.7,10.8,0,0
11/19/2015,7.6,10.4,0,0
11/20/2015,8.5,11.1,0,0
11/21/2015,9,11.5,0,0
11/22/2015,7.7,9.3,0,0
11/23/2015,6.4,7.8,0,0
11/24/2015,4.5,5.7,0,0
11/25/2015,3.6,4.6,0,0
11/26/2015,3.3,3.7,0,0
11/27/2015,2.9,3,0,0
11/28/2015,3,4.9,0,0
11/29/2015,3,5.8,0,0
11/30/2015,3.1,6.1,0,0
12/1/2015,4.6,7.8,0,0
12/2/2015,4.8,7.2,0,0
12/3/2015,3,5.1,0,0
12/4/2015,2.2,4.5,0,0
12/5/2015,2,5,0,0
12/6/2015,1.8,5.7,0,0
12/7/2015,2.1,6.3,0,0
12/8/2015,2.5,6.5,0,0
12/9/2015,3.9,7.5,0,0
12/10/2015,5.5,9.1,0,0
12/11/2015,4.3,7,0,0
12/12/2015,2.9,6.5,0,0
12/13/2015,2.5,6.7,0,0
12/14/2015,2.9,6.9,0,0
12/15/2015,2.2,5.8,0.1,0
12/16/2015,1.5,4.3,0,0
12/17/2015,1.2,3.8,0,0
12/18/2015,1,3.9,0,0
12/19/2015,0.8,4.7,0,0
12/20/2015,1.1,6,0,0
12/21/2015,1,5.3,0,0
12/22/2015,1.1,5.7,0,0
12/23/2015,1.6,6.8,0,0
12/24/2015,2.1,6.6,0,0
12/25/2015,2.5,6.2,0,0
12/26/2015,1.5,4.8,0,0
12/27/2015,1,3.1,0,0
12/28/2015,0.7,3.2,0,0
12/29/2015,0.6,3.7,0,0
12/30/2015,0.6,4.4,0,0
12/31/2015,0.6,4,0,0
1/1/2016,0.6,4.1,0,0
1/2/2016,0.7,4.9,0,0
1/3/2016,0.8,5.5,0,0
1/4/2016,0.8,4.9,0,0
1/5/2016,0.8,5.2,0,0
1/6/2016,0.6,4.3,0,0
1/7/2016,0.4,3.3,0,0
1/8/2016,0.2,2.7,0,0
1/9/2016,0,2.6,0,0
1/10/2016,-0.1,2.6,0,0
1/11/2016,-0.2,2.6,0,0
1/12/2016,-0.3,2,0,0
1/13/2016,-0.6,1.1,0,0
1/14/2016,-0.8,1.3,0,0
1/15/2016,-0.9,1.8,0,0
1/16/2016,-0.9,2.4,0,0
1/17/2016,-0.7,2.5,0,0
1/18/2016,-0.9,0.9,0,0
1/19/2016,-1.2,0.5,0,0
1/20/2016,-1.4,0.6,0,0
1/21/2016,-1.3,1.2,0,0
1/22/2016,-1.1,1.2,0,0
1/23/2016,-1.5,0.2,0,0
1/24/2016,-2.2,-0.6,0,0
1/25/2016,-2.2,-1,0,0
1/26/2016,-2.1,-0.9,0,0
1/27/2016,-2.2,-0.7,0,0
1/28/2016,-1.8,0.1,0,0
1/29/2016,-1.4,0.9,0,0
1/30/2016,-1.5,0.4,0,0
1/31/2016,-1.7,0.7,0,0
2/1/2016,-2,0.6,0,0
2/2/2016,-2,0.9,0,0
2/3/2016,-1.9,1.6,0,0
2/4/2016,-1.7,2.2,0,0
2/5/2016,-1.7,2.3,0,0
2/6/2016,-1.7,2.5,0,0
2/7/2016,-1.6,3.1,0,0
2/8/2016,-1.4,3.7,0,0
2/9/2016,-1.2,4.2,0,0
2/10/2016,-1,4.8,0,0
2/11/2016,-0.7,6.5,0,0
2/12/2016,-0.2,7.5,0,0
2/13/2016,0,5,0.6,0
2/14/2016,-0.1,2.9,0,0
2/15/2016,-0.1,2,0,0
2/16/2016,-0.2,2.7,0,0
2/17/2016,0,4,0,0
2/18/2016,0.3,5,0,0
2/19/2016,0.3,4.8,0,0
2/20/2016,0.3,4.4,0,0
2/21/2016,0.3,4,0,0
2/22/2016,0.7,5.2,0,0
2/23/2016,0.7,5.2,0,0
2/24/2016,0.6,4.6,0,0
2/25/2016,0.6,4.9,0,0
2/26/2016,1,5.7,0,0
2/27/2016,1.3,6,0,0
2/28/2016,2,6,0,0
2/29/2016,1.6,5,0,0
3/1/2016,2,5.2,0,0
3/2/2016,3.6,7.3,0,0
3/3/2016,5.6,8.9,0,0
3/4/2016,7.5,10.4,0,0
3/5/2016,7.8,10.8,0,0
3/6/2016,6.3,9.4,0,0
3/7/2016,7.3,10.1,0,0
3/8/2016,5.5,8.5,0,0
3/9/2016,4,7.4,0,0
3/10/2016,3.6,7.3,0,0
3/11/2016,3.9,7.6,0,0
3/12/2016,4.3,7.8,0,0
3/13/2016,5.8,9.2,0,0
3/14/2016,5,8.6,0,0
3/15/2016,6.1,9.4,0,0
3/16/2016,7.2,10.2,0,0
3/17/2016,8.6,11.2,0,0
3/18/2016,9.8,12.4,0,0
3/19/2016,9,12,0,0
3/20/2016,9.2,11.6,0,0
3/21/2016,8.4,11.6,0,0
3/22/2016,8.6,11.1,0,0
3/23/2016,8.2,10.6,0,0
3/24/2016,7.2,9.9,0,0
3/25/2016,7.1,9.9,0,0
3/26/2016,7.7,10.4,0,0
3/27/2016,8.8,11.7,0,0
3/28/2016,10.1,12.9,0,0
3/29/2016,11.1,14,0,0
3/30/2016,11.6,14.2,0,0
3/31/2016,13,15.2,0,0
4/1/2016,13.8,15.7,0,0
4/2/2016,12.6,15.3,0,0
4/3/2016,12.4,15.3,0,0
4/4/2016,12.1,15.4,0,0
4/5/2016,12.9,16.4,0,0
4/6/2016,13.3,16.4,0,0
4/7/2016,14.2,17.5,0,0
4/8/2016,14.3,18.1,0,0
4/9/2016,14.1,17.9,0,0
4/10/2016,12.4,15.8,0,0
4/11/2016,11.4,14.1,0,0
4/12/2016,12.6,15.2,0,0
4/13/2016,13.8,16.8,0,0
4/14/2016,14.5,18.1,0,0
4/15/2016,14.9,17.8,0,0
4/16/2016,13.7,16.1,0,0
4/17/2016,13,14.9,9.3,0
4/18/2016,13.5,15.9,0.1,0
4/19/2016,13.4,15.6,5.7,0
4/20/2016,15.3,17.3,0,0
4/21/2016,16.3,19.3,0,0
4/22/2016,17,20.5,0,0
4/23/2016,15.5,19,0,0
4/24/2016,16.5,19.6,0,0
4/25/2016,17.9,21.3,0,0
4/26/2016,16.7,19.8,0,0
4/27/2016,16.1,19,0,0
4/28/2016,16.3,19.5,0,0
4/29/2016,17.2,20.3,0,0
4/30/2016,19.4,22.4,0,0
5/1/2016,20.9,23.9,0,0
5/2/2016,20.4,23.1,0,0
5/3/2016,17.1,18.6,16.4,0
5/4/2016,18.1,19.6,8.3,0
5/5/2016,18.5,20.2,0,0
5/6/2016,18.1,20.2,0.7,0
5/7/2016,17.9,20.5,0,0
5/8/2016,17,19.4,0,0
5/9/2016,17.2,19,0,0
5/10/2016,17.9,19.5,0,0
5/11/2016,18.7,20.7,0,0
5/12/2016,18,19.9,0,0
5/13/2016,17.5,18.9,0.4,0
5/14/2016,17,18.6,0.2,0
5/15/2016,16.9,17.9,6.4,0
5/16/2016,17.5,18.6,5.2,0
5/17/2016,19.4,20.8,0,0
5/18/2016,20.4,21.9,0,0
5/19/2016,20.6,22,0,0
5/20/2016,20.7,22.1,0,0
5/21/2016,20.7,22.5,0,0
5/22/2016,20.4,22.4,0,0
5/23/2016,19.1,20.9,0,0
5/24/2016,20.2,21.3,2.1,0
5/25/2016,20.3,22,0,0
5/26/2016,21,22.7,0,0
5/27/2016,19.7,21.7,0,0
5/28/2016,20.5,22,0,0
5/29/2016,21.1,22.8,0,0
5/30/2016,21.6,23.4,0,0
5/31/2016,21.7,23.4,0,0
6/1/2016,21.4,22.7,0,0
6/2/2016,21.7,22.9,0,0
6/3/2016,21.8,23,0,0
6/4/2016,22.1,22.7,0,0
6/5/2016,22.4,22.9,0,0
6/6/2016,23.4,24,0,0
6/7/2016,22.8,23.7,0,0
6/8/2016,22.7,23.4,0,0
6/9/2016,23.9,25,0,0
6/10/2016,24.1,25.3,0,0
6/11/2016,24.8,26.2,0,0
6/12/2016,25.1,26.9,0,0
6/13/2016,24.8,26.8,0,0
6/14/2016,24.4,26.2,0,0
6/15/2016,22.7,24,8.6,0
6/16/2016,23.4,24.5,5.3,0
6/17/2016,25,26.4,0,0
6/18/2016,25.5,27.2,0,0
6/19/2016,25.4,26.5,1.8,0
6/20/2016,25.9,26.9,6.4,0
6/21/2016,25.9,26.4,3.1,0
6/22/2016,26.4,27,10.3,0
6/23/2016,25.2,26.2,0.1,0
6/24/2016,24.6,25.2,15.2,0
6/25/2016,25.2,25.9,0,0
6/26/2016,25.4,26.5,0,0
6/27/2016,26.2,27.2,0,0
6/28/2016,25.1,26.1,0,0
6/29/2016,25.8,26.6,0.4,0
6/30/2016,25.2,26.4,11.5,0
7/1/2016,24.9,25.4,11.7,0
7/2/2016,25.4,26.1,0.1,0
7/3/2016,25.5,26.3,0,0
7/4/2016,25.5,26.2,0,0
7/5/2016,25.8,26.7,0,0
7/6/2016,25.9,27.2,0,0
7/7/2016,26.7,27.7,0,0
7/8/2016,27.1,28.1,0,0
7/9/2016,27.2,28.1,0,0
7/10/2016,27.7,28.8,0,0
7/11/2016,28.2,29.5,0,0
7/12/2016,27.9,29.3,0,0
7/13/2016,27.9,29.3,0.1,0
7/14/2016,26.4,28.2,0,0
7/15/2016,25.2,26.6,3.3,0
7/16/2016,24.8,25.9,0.1,0
7/17/2016,25.3,26.8,0,0
7/18/2016,25.9,27.3,2.8,0
7/19/2016,26.1,27,0,0
7/20/2016,25.6,26.3,47.9,4.25
7/21/2016,26.8,26.8,0.1,4.025
7/22/2016,27.5,27.8,0,4.85
7/23/2016,27.7,28.2,3.3,4.775
7/24/2016,28.2,28.7,0.7,5.075
7/25/2016,29.2,29.4,0.4,5.325
7/26/2016,28,28.3,27.1,4.65
7/27/2016,27.6,27.9,0,4.4
7/28/2016,28.9,29.3,0,4.125
7/29/2016,29.8,30.2,0.5,2.7
7/30/2016,30.3,30.5,1.5,1.8
7/31/2016,29.7,29.6,0,2.025
8/1/2016,29,29,8.2,1.475
8/2/2016,27.8,28,0,1
8/3/2016,27.9,28,0,1.55
8/4/2016,28,28.2,0,1.25
8/5/2016,28.5,28.5,0,0.9
8/6/2016,28.6,28.4,0,0.2
8/7/2016,27.8,28,200,63.8
8/8/2016,27.9,28,140.1,72.4
8/9/2016,28,28.2,0,65
8/10/2016,28.5,28.5,0,63
8/11/2016,28.6,28.4,0,57.3
8/12/2016,28,28,0,54.9
8/13/2016,27.6,27.5,0,48.5
8/14/2016,28.9,29.2,0.6,42.7
8/15/2016,28.1,28.2,4.2,43.2
8/16/2016,27.5,27.3,0,38.1
8/17/2016,27.3,27.1,2.3,36.9
8/18/2016,27.1,26.8,0,36.1
8/19/2016,27,26.7,17.4,34.7
8/20/2016,26.4,26.2,0,33.9
8/21/2016,26.5,26.3,0,30.9
8/22/2016,26.8,26.7,0.1,29
8/23/2016,26.7,26.6,0,29
8/24/2016,27.3,27,0,26.1
8/25/2016,26.2,26.1,40,27.6
8/26/2016,23.9,23.8,0,27
8/27/2016,24.1,24,0.1,26.1
8/28/2016,24.5,24.3,0,25.3
8/29/2016,24.4,24.2,0,24
8/30/2016,24.7,24.3,0,22.8
8/31/2016,24.8,24.3,0,21
9/1/2016,24.4,23.5,0,20.4
9/2/2016,24,23.6,0,19.6
9/3/2016,24.1,23.9,0,19.5
9/4/2016,24.5,24.5,0,18.7
9/5/2016,24.9,24.9,0,18.5
9/6/2016,25.2,24.9,0,18.3
9/7/2016,24.3,24.4,2.3,17.6
9/8/2016,23.9,23.9,0.1,16.9
9/9/2016,24.3,24.5,0,15.7
9/10/2016,24.9,25,0,13.8
9/11/2016,24.5,24.7,2.3,12.3
9/12/2016,23.8,23.9,0,11.8
9/13/2016,23.7,24.1,0,10
9/14/2016,23.8,24.2,0,9.2
9/15/2016,24.1,24.5,0,8.8
9/16/2016,24.5,24.9,0,8.5
9/17/2016,23.7,24,1,7.6
9/18/2016,23,23,0,7.1
9/19/2016,22.1,21.9,0,6.7
9/20/2016,21.3,21.3,0,6.4
9/21/2016,20.8,20.9,0,6.24
9/22/2016,21.1,21.6,0,6.19
9/23/2016,21.7,22,0,6.15
9/24/2016,22.2,22.5,0,6.08
9/25/2016,22.8,23.1,0,5.8125
9/26/2016,23.4,23.8,0,5.425
9/27/2016,23.2,23.5,0.2,5.425
9/28/2016,20.6,20.6,0,5.5
9/29/2016,19.1,19.5,0,5.825
9/30/2016,19.1,19.9,0,5.3
10/1/2016,19.5,20.4,0,4.6
10/2/2016,20.3,21.2,0,2.35
10/3/2016,20.7,21.5,0.1,0.1
10/4/2016,21.6,22.3,0,1.4
10/5/2016,21.2,21.9,0,0.65
10/6/2016,20.2,20.8,0,0.05
10/7/2016,19.5,20,0.8,0
10/8/2016,18.3,18.5,0.1,0.1
10/9/2016,16.6,17.1,0,0
10/10/2016,16.4,17.3,0,0
10/11/2016,16.8,17.8,0,0
10/12/2016,17.1,18.2,0,0
10/13/2016,17.7,18.9,0,0
10/14/2016,17.6,18.9,0,0
10/15/2016,17.9,19,0,0
10/16/2016,17.8,18.7,0,0
10/17/2016,17.6,18.7,0,0
10/18/2016,17.3,18.6,0,0
10/19/2016,17.9,19.2,0,0
10/20/2016,17.7,18.9,0,0
10/21/2016,17.8,18.7,0,0
10/22/2016,16.9,17.7,0,0
10/23/2016,15.2,15.7,0,0
10/24/2016,14.7,15.6,0,0
10/25/2016,14.9,15.6,0.6,0
10/26/2016,14.5,15.4,0,0
10/27/2016,14.5,15.4,5.3,0
10/28/2016,14.4,15.2,0,0
10/29/2016,13.2,14,0,0
10/30/2016,12.7,13.6,0,0
10/31/2016,12.1,12.8,0,0
11/1/2016,10.3,10.8,0,0
11/2/2016,9.8,10.7,0,0
11/3/2016,10.1,11.3,0,0
11/4/2016,11.1,12.5,0.1,0
11/5/2016,11.4,13,0.1,0
11/6/2016,11.3,12.5,0,0
11/7/2016,10.9,12.5,7.2,0
11/8/2016,9.7,11.7,0,0
11/9/2016,8.8,10.8,0,0
11/10/2016,9.7,11.2,0,0
11/11/2016,9.4,11.2,0,0
11/12/2016,10.5,12.5,0,0
11/13/2016,10.9,12.9,0.2,0
11/14/2016,11.2,13.3,0.2,0
11/15/2016,10,12.1,0,0
11/16/2016,10,11.9,0,0
11/17/2016,10.2,12.3,0,0
11/18/2016,11.3,13.1,0,0
11/19/2016,11.8,13.6,0,0
11/20/2016,10.6,12.2,0,0
11/21/2016,9.8,11.1,4.9,0
11/22/2016,7.3,8.5,0,0
11/23/2016,5.6,6.6,0,0
11/24/2016,4.7,6,0,0
11/25/2016,4.4,6.1,0,0
11/26/2016,5.2,6.9,0,0
11/27/2016,4.8,6.5,0,0
11/28/2016,4.3,6,0,0
11/29/2016,4.3,6.1,0,0
11/30/2016,6,7.7,0,0
12/1/2016,5.2,7,0,0
12/2/2016,4.4,6.1,0,0
12/3/2016,5,6.8,0,0
12/4/2016,5.9,7.7,0,0
12/5/2016,5.8,7.6,0,0
12/6/2016,4.3,6.1,0,0
12/7/2016,4,5.8,0,0
12/8/2016,4.5,6.2,0,0
12/9/2016,4.6,6.4,0,0
12/10/2016,3.6,5.4,0,0
12/11/2016,3.2,5,0,0
12/12/2016,4.2,6.1,0,0
12/13/2016,4.6,6.3,0,0
12/14/2016,3.4,5,0,0
12/15/2016,2.4,3.9,0,0
12/16/2016,2,3.8,0,0
12/17/2016,2.5,4.4,0,0
12/18/2016,3.1,5.3,0,0
12/19/2016,3.6,5.8,0,0
12/20/2016,4.2,6.3,0,0
12/21/2016,4.7,6.8,0,0
12/22/2016,4.8,6.6,0,0
12/23/2016,3.2,5,0,0
12/24/2016,2.4,4.3,0,0
12/25/2016,2.6,4.4,0,0
12/26/2016,3.1,4.9,0,0
12/27/2016,1.9,3.3,0,0
12/28/2016,1.3,2.6,0,0
12/29/2016,1.2,2.2,0,0
12/30/2016,0.8,2.3,0,0
12/31/2016,0.8,2.9,0,0
1/1/2017,1.0479,3.8745,0,0
1/2/2017,1.7111,4.4953,0,0
1/3/2017,1.6806,3.8813,0,0
1/4/2017,2.2583,4.4104,0,0
1/5/2017,2.9993,5.3927,0,0
1/6/2017,3.034,5.6875,0,0
1/7/2017,3.6111,6.2557,6.604,0
1/8/2017,3.8236,5.8417,1.016,0
1/9/2017,2.8674,4.5583,0,0
1/10/2017,2.0576,3.8807,0,0
1/11/2017,1.5868,3.4609,0,0
1/12/2017,1.5736,3.8141,0,0
1/13/2017,1.4382,3.3172,0,0
1/14/2017,1.1667,2.5536,0,0
1/15/2017,0.9333,2.2953,0,0
1/16/2017,0.7403,2.4208,0,0
1/17/2017,0.7806,3.0724,0,0
1/18/2017,0.8465,3.5281,0,0
1/19/2017,0.8521,2.9854,0,0
1/20/2017,0.6542,0.9224,0,0
1/21/2017,0.3743,0.5432,0,0
1/22/2017,0.2208,0.4781,0,0
1/23/2017,2.78E-03,0.4458,0,0
1/24/2017,-0.1194,1.1698,0,0
1/25/2017,-0.134,1.9094,0,0
1/26/2017,-0.0167,2.6937,0,0
1/27/2017,0.1806,2.9276,0,0
1/28/2017,0.2812,2.7349,0,0
1/29/2017,0.5278,3.6896,0,0
1/30/2017,0.4472,2.2896,0,0
1/31/2017,0.3056,2.3885,0,0
2/1/2017,0.3451,2.7323,0,0
2/2/2017,0.2201,2.2917,0,0
2/3/2017,0.3285,3.3604,0,0
2/4/2017,0.4778,3.8714,0,0
2/5/2017,0.6076,4.0771,0,0
2/6/2017,0.575,3.6203,0,0
2/7/2017,0.7194,4.1307,0,0
2/8/2017,0.8889,4.2818,0,0
2/9/2017,0.7208,2.7292,0,0
2/10/2017,0.5743,2.6552,0,0
2/11/2017,0.5528,3.1458,0,0
2/12/2017,0.7104,4.3755,0,0
2/13/2017,1.0076,5.4531,0,0
2/14/2017,1.2229,5.4443,0,0
2/15/2017,2.5333,6.499,0,0
2/16/2017,3.5875,6.9609,0,0
2/17/2017,3.0028,6.313,0,0
2/18/2017,2.8535,6.4693,0,0
2/19/2017,4.0438,7.3734,0,0
2/20/2017,3.7111,6.9427,0,0
2/21/2017,2.4799,5.7948,0,0
2/22/2017,2.5493,5.151,4.318,0
2/23/2017,2.4819,5.613,0,0
2/24/2017,2.5819,6.0766,0,0
2/25/2017,3.0299,7.0182,0,0
2/26/2017,3.5201,7.7464,0,0
2/27/2017,3.8,8.1708,0,0
2/28/2017,4.9257,9.6047,0,0
3/1/2017,4.4333,8.7359,0,0
3/2/2017,3.4215,7.3729,0,0
3/3/2017,4.5083,8.8385,0,0
3/4/2017,5.4375,9.7417,0,0
3/5/2017,5.1764,9.2719,0,0
3/6/2017,4.5181,8.4375,0,0
3/7/2017,4.3806,8.0292,0,0
3/8/2017,4.2514,7.5729,0,0
3/9/2017,4.8701,8.6177,0,0
3/10/2017,5.5778,10.1266,0,0
3/11/2017,6.7479,10.9865,0,0
3/12/2017,7.2069,11.3238,0,0
3/13/2017,5.7632,9.8674,0,0
3/14/2017,5.6792,9.7958,0,0
3/15/2017,5.9764,10.0111,0,0
3/16/2017,6.9299,11.1219,0,0
3/17/2017,7.4382,11.8198,0,0
3/18/2017,8.3521,12.9813,1.5,0
3/19/2017,8.8104,13.526,0,0
3/20/2017,8.9562,13.299,0,0
3/21/2017,8.0417,12.2641,0,0
3/22/2017,8.2556,12.3167,0,0
3/23/2017,8.9111,13.2833,0,0
3/24/2017,8.4556,12.325,3.4,0
3/25/2017,8.0236,11.3443,5.5,0
3/26/2017,8.2035,11.6594,0.1,0
3/27/2017,8.4729,12.0578,0,0
3/28/2017,8.5938,12.2031,0,0
3/29/2017,8.7646,12.2839,0.1,0
3/30/2017,9.2361,12.9104,0.3,0
3/31/2017,9.1938,13.0542,0,0
4/1/2017,9.7382,13.8385,0,0
4/2/2017,10.5778,15.0161,0,0
4/3/2017,11.5368,16.3063,0,0
4/4/2017,11.9229,16.3786,3,0
4/5/2017,11.6646,15.3021,3,0
4/6/2017,12.6069,16.2562,0,0
4/7/2017,13.1056,16.7797,0,0
4/8/2017,12.0076,15.7083,0.2,0
4/9/2017,10.6479,14.3724,0,0
4/10/2017,10.8333,15.1344,0,0
4/11/2017,11.5278,16.1479,0,0
4/12/2017,12.0417,16.6516,0,0
4/13/2017,13.2292,17.8943,2.1,0
4/14/2017,14.2523,18.4729,0,0
4/15/2017,15.438,19.8594,0,0
4/16/2017,16.375,20.8339,0.1,0
4/17/2017,16.8573,20.3208,0,0
4/18/2017,16.2401,19.875,0,0
4/19/2017,14.3073,17.9198,0,0
4/20/2017,15.3042,18.2568,0,0
4/21/2017,15.7573,18.9995,0,0
4/22/2017,15.4661,19.0161,0,0
4/23/2017,16.2698,19.9406,0,0
4/24/2017,16.1443,20.1469,0,0
4/25/2017,15.2776,19.4443,0.1,0
4/26/2017,14.7547,19.038,0,0
4/27/2017,15.4396,19.5292,0,0
4/28/2017,16.337,20.5495,0,0
4/29/2017,17.6818,22.3021,0,0
4/30/2017,17.6422,22.8208,0,0
5/1/2017,17.1349,21.8359,0,0
5/2/2017,18.3276,22.5271,0,0
5/3/2017,19.0859,22.7901,0,0
5/4/2017,18.5833,21.8281,0.1,0
5/5/2017,17.6297,21.012,0,0
5/6/2017,17.1875,20.5443,0,0
5/7/2017,18.5667,22.6245,0,0
5/8/2017,19.1844,23.5052,0,0
5/9/2017,18.7755,22.663,0,0
5/10/2017,19.276,23.0646,0,0
5/11/2017,20.6724,24.9531,0,0
5/12/2017,20.4974,24.5719,0,0
5/13/2017,20.5432,24.9615,0,0
5/14/2017,19.851,24.7255,0,0
5/15/2017,19.5245,24.3672,1.7,0
5/16/2017,19.9286,24.5536,0,0
5/17/2017,21.563,26.1625,0,0
5/18/2017,22.775,27.1802,0,0
5/19/2017,23.5083,27.7125,0,0
5/20/2017,23.4937,27.4417,0,0
5/21/2017,23.1318,26.6161,0,0
5/22/2017,22.6464,25.5661,47.6,0
5/23/2017,20.6057,22.6151,4.1,0
5/24/2017,21.4484,23.9224,0.1,0
5/25/2017,20.825,23.7609,0,0
5/26/2017,20.3755,23.6719,0,0
5/27/2017,22.3427,25.5141,0,0
5/28/2017,23.9547,27.6818,0,0
5/29/2017,23.1974,27.1891,0,0
5/30/2017,22.35,25.9073,0,0
5/31/2017,23.138,26.9536,0,0
6/1/2017,23.1417,27.0293,0,0
6/2/2017,20.8375,24.2639,0,0
6/3/2017,20.638,23.941,0,0
6/4/2017,21.3755,25.5861,0,0
6/5/2017,21.8839,26.05,0,0
6/6/2017,20.1286,23.2444,0,0
6/7/2017,20.551,22.775,18.6,0
6/8/2017,22.4965,24.9757,0.2,0
6/9/2017,23.3939,25.8806,4.8,0
6/10/2017,22.7427,25.7306,3.1,0
6/11/2017,22.1286,25.6347,0,0
6/12/2017,21.3021,24.2097,4.4,0
6/13/2017,21.9026,24.9201,0,0
6/14/2017,22.3276,26.3951,0,0
6/15/2017,23.5714,28.2486,0,0
6/16/2017,24.6646,29.3826,0,0
6/17/2017,25.3089,30.0118,0,0
6/18/2017,25.5786,29.8847,0,0
6/19/2017,25.4411,29.325,0,0
6/20/2017,25.1547,28.1785,15.6,0
6/21/2017,25.499,29.0951,0.1,0
6/22/2017,25.2385,28.5854,0,0
6/23/2017,24.4391,26.1115,56.2,0
6/24/2017,24.1026,25.763,14,0
6/25/2017,24.5771,26.5516,9.6,0
6/26/2017,25.251,27.5266,0,0
6/27/2017,25.8552,28.0354,0,0
6/28/2017,26.4552,27.9391,0,0
6/29/2017,26.7115,28.087,0,0
6/30/2017,27.0125,28.6719,0,0
7/1/2017,27.1016,28.85,0,0
7/2/2017,26.6464,28.5135,0,0
7/3/2017,26.7422,29.0781,0,0
7/4/2017,27.1052,29.7068,0,0
7/5/2017,26.6849,29.2469,4.2,0
7/6/2017,26.7297,28.887,19.3,0
7/7/2017,27.0615,28.9396,37.5,0
7/8/2017,28.3927,30.0922,0,0
7/9/2017,28.6292,30.288,0,0
7/10/2017,28.5042,30.251,0,0
7/11/2017,28.8958,30.9203,0,0
7/12/2017,29.6161,31.2391,0,0
7/13/2017,29.9849,31.8083,0,0
7/14/2017,29.8141,31.9818,0,0
7/15/2017,28.8115,31.0818,0,0
7/16/2017,28.0016,29.874,0,0
7/17/2017,28.2005,30.2583,0.4,0
7/18/2017,28.1141,30.6729,10.3,0
7/19/2017,27.9208,30.101,0.4,0
7/20/2017,28.9302,31.0245,0,0
7/21/2017,28.3943,30.6083,0,0
7/22/2017,27.0922,29.2771,0,0
7/23/2017,26.9979,29.5729,0,0
7/24/2017,26.6896,29.2906,2.3,0
7/25/2017,26.6635,29.0484,0.6,0
7/26/2017,26.1089,28.5427,62.1,0
7/27/2017,25.8109,27.9328,0,3.125
7/28/2017,25.6516,27.7203,0.3,2.5125
7/29/2017,25.0276,26.8312,0,1.9375
7/30/2017,24.5375,26.4016,2.1,2.0625
7/31/2017,25.2672,27.1786,5.5,2.1875
8/1/2017,26.2068,28.1271,5.4,2.5
8/2/2017,27.3453,29.1203,1.4,1.925
8/3/2017,27.8771,28.8672,3.3,1.875
8/4/2017,28.5375,29.5734,0,1.4
8/5/2017,28.6984,30.2365,1.3,0.025
8/6/2017,28.6812,30.4995,0.1,0.0125
8/7/2017,28.4464,30.3354,0,0
8/8/2017,28.0656,30.0427,0,0
8/9/2017,27.4953,29.6312,3.1,0
8/10/2017,27.1911,29.3234,0,0
8/11/2017,27.9536,29.8599,0,0
8/12/2017,28.7076,29.951,0,0
8/13/2017,27.6736,29.1839,13.1,0
8/14/2017,26.2514,27.3578,0.4,0
8/15/2017,26.1979,27.6646,0,0
8/16/2017,26.5931,28.3984,0,0
8/17/2017,27.1924,28.9021,0,0
8/18/2017,26.7958,28.7167,0,0
8/19/2017,26.725,28.5651,0,0
8/20/2017,26.7292,28.7281,0,0
8/21/2017,26.8167,29.1411,0,0
8/22/2017,27.3035,29.4932,0,0
8/23/2017,27.5172,29.6547,21.6,0
8/24/2017,27.3281,29.5901,0,0
8/25/2017,26.4052,28.8125,0,0
8/26/2017,25.7432,28.2594,0,0
8/27/2017,25.1422,27.4333,0.1,0
8/28/2017,24.3177,26.2068,11.4,0
8/29/2017,23.4859,25.4255,0,0
8/30/2017,23.4391,25.4214,0,0
8/31/2017,23.1721,25.513,0,0
9/1/2017,23.2818,25.9146,0,0
9/2/2017,23.6448,26.426,0,0
9/3/2017,23.7979,26.5057,0,0
9/4/2017,23.8557,26.2495,0,0
9/5/2017,24.0724,26.3828,0,0
9/6/2017,24.15,26.5766,0,0
9/7/2017,23.9609,26.4943,0,0
9/8/2017,24.2969,26.875,0,0
9/9/2017,24.7531,27.4036,0,0
9/10/2017,24.3099,26.7417,0,0
9/11/2017,23.2578,25.7901,0,0
9/12/2017,22.5026,25.3333,0,0
9/13/2017,22.7312,25.6786,0,0
9/14/2017,23.026,26.062,0,0
9/15/2017,23.4302,26.488,0,0
9/16/2017,23.4969,26.4536,0,0
9/17/2017,23.3172,26.1854,0,0
9/18/2017,22.4646,25.1677,0,0
9/19/2017,22.7177,25.575,0.1,0
9/20/2017,21.8219,23.5797,0,0
9/21/2017,21.8797,23.8896,0,0
9/22/2017,22.4219,24.5547,0,0
9/23/2017,21.3734,23.3349,0,0
9/24/2017,22.438,24.9891,0,0
9/25/2017,22.6922,25.3458,0,0
9/26/2017,22.1354,24.7411,5.2,0
9/27/2017,20.9964,22.9922,0,0
9/28/2017,19.5563,22.1073,0,0
9/29/2017,18.5125,21.1344,0,0
9/30/2017,19.7562,22.574,0,0
10/1/2017,20.949,23.5073,0.2,0
10/2/2017,20.1333,22.4896,0,0
10/3/2017,18.6854,21.1333,0,0
10/4/2017,17.6104,20.4688,0,0
10/5/2017,16.9177,19.8771,0,0
10/6/2017,16.9755,19.963,0,0
10/7/2017,17.3891,20.35,10.2,0
10/8/2017,18.538,21.1323,7.6,0
10/9/2017,18.8167,21.2302,12.9,0
10/10/2017,17.3193,18.7641,6.6,0
10/11/2017,16.3958,18.0693,0,0
10/12/2017,15.9854,17.8229,0,0
10/13/2017,15.2333,17.2495,0,0
10/14/2017,15.4406,17.6958,0,0
10/15/2017,15.9073,18.2073,0,0
10/16/2017,16.3115,18.6083,0,0
10/17/2017,15.7026,17.9672,0,0
10/18/2017,16.1917,18.6635,0,0
10/19/2017,16.0906,18.6818,0,0
10/20/2017,15.3859,17.9255,0,0
10/21/2017,15.2865,17.7729,0,0
10/22/2017,15.037,16.9745,0,0
10/23/2017,13.8589,15.8151,0,0
10/24/2017,12.8365,15.1151,0,0
10/25/2017,12.9109,15.4786,0,0
10/26/2017,14.0385,16.899,0,0
10/27/2017,13.8526,16.688,0,0
10/28/2017,14.3391,17.1682,0,0
10/29/2017,13.5583,15.9672,0,0
10/30/2017,11.538,14.1557,0,0
10/31/2017,11.0766,13.9313,0,0
11/1/2017,12.2427,15.4693,0,0
11/2/2017,12.726,16.0896,0,0
11/3/2017,12.3865,15.4073,0,0
11/4/2017,10.3745,13.5339,0,0
11/5/2017,10.4641,13.5255,0,0
11/6/2017,11.4151,14.4266,0,0
11/7/2017,11.8125,15.0547,0,0
11/8/2017,11.0125,14.2964,0,0
11/9/2017,11.8687,14.6068,0,0
11/10/2017,12.0099,14.7073,0,0
11/11/2017,10.249,12.8016,0,0
11/12/2017,9.4875,11.0854,0,0
11/13/2017,9.7339,11.1307,0,0
11/14/2017,8.4484,9.5531,0,0
11/15/2017,7,7.8188,0,0
11/16/2017,6.7005,7.1234,0,0
11/17/2017,8.4641,9.2495,0,0
11/18/2017,7.1521,8.0078,0,0
11/19/2017,5.5229,7.2115,0,0
11/20/2017,5.049,7.3437,0,0
11/21/2017,5.3286,7.9844,0,0
11/22/2017,5.8813,8.7349,0,0
11/23/2017,4.837,7.6969,0,0
11/24/2017,4.3792,7.1729,0,0
11/25/2017,4.6432,7.6057,0,0
11/26/2017,4.6622,7.8685,0,0
11/27/2017,4.3533,7.1435,0,0
11/28/2017,6.1312,7.901,0,0
11/29/2017,5.4401,6.3698,0,0
11/30/2017,3.8833,4.5344,0,0
12/1/2017,2.8604,3.3427,0,0
12/2/2017,3.0906,3.4427,0,0
12/3/2017,3.5,3.7391,0,0
12/4/2017,2.7911,3.1359,0,0
12/5/2017,2.1724,2.6156,0,0
12/6/2017,2.1526,3.9411,0,0
12/7/2017,2.1714,4.4521,0,0
12/8/2017,2.0391,4.226,0,0
12/9/2017,1.8958,3.0313,0,0
12/10/2017,2.2594,3.1281,0,0
12/11/2017,1.3286,1.7672,0,0
12/12/2017,0.5844,0.6172,0,0
12/13/2017,0.2526,0.1318,0,0
12/14/2017,0.6771,0.9188,0,0
12/15/2017,1.8083,2.1891,0,0
12/16/2017,0.9182,1.0365,0,0
12/17/2017,0.4042,0.2792,0,0
12/18/2017,0.4297,1.787,0,0
12/19/2017,0.5208,2.501,0,0
12/20/2017,0.5443,2.9333,0,0
12/21/2017,0.651,3.3776,0,0
12/22/2017,1.1568,4.2474,0,0
12/23/2017,0.862,4.0932,0,0
12/24/2017,1.5771,4.9021,0,0
12/25/2017,0.8557,4,0,0
12/26/2017,0.6484,3.762,0,0
12/27/2017,0.5651,3.3266,0,0
12/28/2017,1.3599,4.4177,0,0
12/29/2017,1.976,5.3391,0,0
12/30/2017,2.4411,6.0146,0,0
12/31/2017,1.4734,4.5146,0,0
1/1/2018,1.1182,4.0891,0,0
1/2/2018,1.7615,4.5396,0,0
1/3/2018,1.1224,4.0094,0,0
1/4/2018,0.8589,3.8062,0,0
1/5/2018,0.5724,3.6458,0,0
1/6/2018,0.0198,3.0339,0,0
1/7/2018,0.7052,4.3385,0,0
1/8/2018,0.9724,4.1255,0,0
1/9/2018,0.1964,2.4818,0,0
1/10/2018,-0.1724,1.488,0,0
1/11/2018,-0.4641,0.6729,0,0
1/12/2018,-0.701,0.1771,0,0
1/13/2018,-0.8234,1.0359,0,0
1/14/2018,-0.676,2.437,0,0
1/15/2018,-0.5938,2.5849,0,0
1/16/2018,-0.3484,3.6219,0,0
1/17/2018,-0.5156,2.7953,0,0
1/18/2018,-0.5062,2.7703,0,0
1/19/2018,-0.2505,3.5396,0,0
1/20/2018,-0.2755,3.1703,0,0
1/21/2018,0.25,3.699,0,0
1/22/2018,0.5688,3.0922,0,0
1/23/2018,-0.0688,1.3844,0.5,0
1/24/2018,-0.4786,-0.4292,0.1,0
1/25/2018,-0.638,-1.4073,0,0
1/26/2018,-0.7578,-1.399,1.2,0
1/27/2018,-0.8313,-0.7714,0,0
1/28/2018,-0.8182,0.1677,0.3,0
1/29/2018,-0.8339,-0.862,0.1,0
1/30/2018,-0.8943,-0.5057,0.1,0
1/31/2018,-0.899,0.8094,0,0
2/1/2018,-0.9292,0.7557,0,0
2/2/2018,-0.925,1.0193,0.1,0
2/3/2018,-0.951,0.0245,0.5,0
2/4/2018,-1.063,-0.3104,0,0
2/5/2018,-1.1219,0.126,0,0
2/6/2018,-1.2547,-0.4479,0,0
2/7/2018,-1.3151,0.012,0,0
2/8/2018,-1.2917,0.2958,0.1,0
2/9/2018,-1.1953,1.5906,0,0
2/10/2018,-1.1208,1.9198,0,0
2/11/2018,-1.2292,0.987,0,0
2/12/2018,-1.3661,0.7625,0,0
2/13/2018,-1.3437,2.1781,0,0
2/14/2018,-1.1896,3.413,0,0
2/15/2018,-1.1187,2.9396,0,0
2/16/2018,-1.1177,3.0917,0,0
2/17/2018,-1.138,2.3573,0,0
2/18/2018,-0.8818,4.0833,0,0
2/19/2018,-0.5156,4.9641,0,0
2/20/2018,-0.0292,5.2188,0,0
2/21/2018,-0.1031,4.6906,0,0
2/22/2018,0.2255,5.2411,0,0
2/23/2018,0.9052,5.8146,0,0
2/24/2018,0.8573,4.0562,0,0
2/25/2018,0.3193,2.5365,0,0
2/26/2018,1.4849,3.8125,0,0
2/27/2018,1.8865,3.9109,0,0
2/28/2018,2.7052,4.5839,0,0
3/1/2018,2.8078,4.7021,0,0
3/2/2018,2.6281,4.138,0,0
3/3/2018,4.399,6.2458,0,0
3/4/2018,4.2078,5.7339,1.6,0
3/5/2018,2.7198,3.8245,0.1,0
3/6/2018,2.0625,4.0161,0,0
3/7/2018,3.2417,5.625,1.1,0
3/8/2018,3.1734,5.6901,0,0
3/9/2018,2.0995,4.8458,0,0
3/10/2018,3.3984,6.1969,0,0
3/11/2018,4.0844,6.824,0,0
3/12/2018,5.6615,8.9865,0,0
3/13/2018,7.4953,10.9724,0,0
3/14/2018,8.863,12.8359,0,0
3/15/2018,7.6839,10.8521,0,0
3/16/2018,5.4135,7.849,0,0
3/17/2018,4.7604,7.5156,1.4,0
3/18/2018,5.2813,7.6833,4.9,0
3/19/2018,5.2172,7.849,0.1,0
3/20/2018,4.6656,6.6495,0,0
3/21/2018,5.0115,7.7609,0,0
3/22/2018,4.9802,8.1083,0,0
3/23/2018,6.3896,9.5812,0.1,0
3/24/2018,8.1255,11.9177,0,0
3/25/2018,9.0089,13.3849,0,0
3/26/2018,10.1104,14.601,0,0
3/27/2018,11.5078,15.9417,0,0
3/28/2018,12.2328,16.7005,2.4,0
3/29/2018,10.662,14.3182,0,0
3/30/2018,10.3651,14.0974,0,0
3/31/2018,11.4672,15.488,0,0
4/1/2018,12.7646,17.0229,0,0
4/2/2018,13.9661,17.9672,0,0
4/3/2018,11.5854,14.7031,1,0
4/4/2018,8.9448,10.9505,3,0
4/5/2018,8.2307,10.3458,1.5,0
4/6/2018,7.5823,9.7109,0,0
4/7/2018,7.6427,10.2323,0,0
4/8/2018,8.8177,12.0714,0,0
4/9/2018,10.0396,13.3422,0,0
4/10/2018,11.5609,14.8286,0,0
4/11/2018,11.9812,16.1255,0,0
4/12/2018,12.6641,17.2089,0,0
4/13/2018,11.9422,15.8271,0.1,0
4/14/2018,11.101,14.0625,1.3,0
4/15/2018,11.4078,14.8625,0,0
4/16/2018,11.9432,15.7391,0,0
4/17/2018,12.9948,16.675,0,0
4/18/2018,14.1151,17.8328,0,0
4/19/2018,15.4719,19.413,0,0
4/20/2018,16.1422,19.9083,0,0
4/21/2018,16.0828,19.3573,0,0
4/22/2018,13.4151,15.6188,16.6,0
4/23/2018,12.9453,14.3885,0,0
4/24/2018,13.4375,15.8401,0,0
4/25/2018,14.0484,17.5807,0,0
4/26/2018,15.0583,19.3245,2.4,0
4/27/2018,15.5719,19.6062,0,0
4/28/2018,16.1198,19.9547,0,0
4/29/2018,17.3286,21.3188,0,0
4/30/2018,17.1219,20.9698,0,0
5/1/2018,16.1792,19.449,26.9,0
5/2/2018,15.5885,17.5208,2.3,0
5/3/2018,15.9984,18.8146,0,0
5/4/2018,16.4859,19.0089,0,0
5/5/2018,17.4094,20.1385,4.3,0
5/6/2018,17.2984,19.8776,0.1,0
5/7/2018,17.2531,20.2979,0,0
5/8/2018,16.8542,20.1323,0,0
5/9/2018,16.8729,19.7062,0,0
5/10/2018,17.7437,20.4594,0,0
5/11/2018,17.2469,19.3724,0,0
5/12/2018,17.3896,19.6286,0,0
5/13/2018,18.6786,21.6349,0,0
5/14/2018,20.3823,23.5333,0,0
5/15/2018,20.9172,23.8495,28.2,0
5/16/2018,21.6406,23.9953,13.3,0
5/17/2018,20.2141,21.9781,0.5,0
5/18/2018,19.737,21.7458,0,0
5/19/2018,19.9385,22.0151,0,0
5/20/2018,20.2625,21.6698,1,0
5/21/2018,18.8755,20.225,0.1,0
5/22/2018,18.3208,19.1885,22.2,0
5/23/2018,19.2604,20.0031,0,0
5/24/2018,20.4417,21.6995,0,0
5/25/2018,21.1609,22.5245,0,0
5/26/2018,21.0958,21.9563,0,0
5/27/2018,22.0516,23.4844,0,0
5/28/2018,22.2047,23.9984,0,0
5/29/2018,21.699,23.8297,0,0
5/30/2018,21.8401,24.2995,0,0
5/31/2018,22.0182,24.9318,0,0
6/1/2018,22.4943,25.5172,0,0
6/2/2018,22.8458,25.4083,0,0
6/3/2018,22.9089,25.1823,0,0
6/4/2018,23.1,25.1698,0,0
6/5/2018,23.5411,25.6344,0,0
6/6/2018,24.3359,26.7901,0,0
6/7/2018,23.9109,26.5849,0,0
6/8/2018,23.2943,26.2651,0,0
6/9/2018,22.526,25.3922,0.1,0
6/10/2018,21.5255,23.7385,5.1,0
6/11/2018,21.6323,23.9411,0,0
6/12/2018,22.5786,24.9698,0,0
6/13/2018,22.0208,23.8427,9.7,0
6/14/2018,21.6344,23.4641,0.7,0
6/15/2018,22.1844,24.2563,0.4,0
6/16/2018,22.75,24.5734,0.3,0
6/17/2018,22.9214,24.5635,0.2,0
6/18/2018,23.1495,24.8464,0.2,0
6/19/2018,23.5464,25.8182,0.1,0
6/20/2018,23.5135,26.3693,0,0
6/21/2018,24.25,27.5089,0,0
6/22/2018,24.0646,27.2813,0,0
6/23/2018,24.2927,27.4333,0,0
6/24/2018,24.6677,28.0917,0,0
6/25/2018,24.2755,26.913,0,0
6/26/2018,24.3443,26.3958,0,0
6/27/2018,25.0995,27.774,0,0
6/28/2018,25.3458,28.1307,0,0
6/29/2018,25.1536,27.9276,0,0
6/30/2018,25.4427,27.8911,0,0
7/1/2018,25.399,28.1266,0,0
7/2/2018,25.4245,28.2229,0,0
7/3/2018,25.4328,28.3896,0,0
7/4/2018,25.7776,28.8323,0,0
7/5/2018,26.1438,29.4943,0,0
7/6/2018,26.4745,29.4484,0.1,0
7/7/2018,26.3667,29.0224,0,0
7/8/2018,25.6714,27.7578,0,0
7/9/2018,25.4578,27.1344,0,0
7/10/2018,24.9911,26.1422,0,0
7/11/2018,25.0281,26.5099,0,0
7/12/2018,26.2578,28.0802,0,0
7/13/2018,26.6901,28.5281,0,0
7/14/2018,27.0766,28.2339,0,0
7/15/2018,27.563,28.4297,0,0
7/16/2018,27.7813,28.3901,0,0
7/17/2018,27.4568,28.4193,0,0
7/18/2018,27.2833,28.5979,0,0
7/19/2018,27.6406,28.675,0,0
7/20/2018,27.8026,28.9156,0,0
7/21/2018,27.8885,29.1516,0,0
7/22/2018,27.9281,29.5234,0,0
7/23/2018,27.2667,29.0063,0,0
7/24/2018,27.2557,28.3677,0,0
7/25/2018,28.1594,29.4797,0.1,0
7/26/2018,28.3068,30.1057,0,0
7/27/2018,27.8427,29.6911,0,0
7/28/2018,27.8344,29.6745,0.1,0
7/29/2018,28.2016,30.1208,0.1,0
7/30/2018,28.4099,30.5047,0,0
7/31/2018,28.5755,30.8698,0.1,0
8/1/2018,28.2339,30.8594,0,0
8/2/2018,28.3417,31.1932,0,0
8/3/2018,28.0651,31.0437,0,0
8/4/2018,28.6104,31.4635,0,0
8/5/2018,28.674,31.2552,0.1,0
8/6/2018,28.7297,31.2729,0.3,0
8/7/2018,29.0198,31.7547,0.8,0
8/8/2018,28.7375,31.3359,0.1,0
8/9/2018,28.388,30.9385,0,0
8/10/2018,27.5922,30.4135,0,0
8/11/2018,27.8146,30.7177,0,0
8/12/2018,27.951,30.749,0,0
8/13/2018,28.0859,30.6823,3.2,0
8/14/2018,27.375,29.1453,71.5,6.7
8/15/2018,26.6099,27.6573,30,7
8/16/2018,25.9255,27,4.9,6.5
8/17/2018,25.9766,27.3656,0,6
8/18/2018,26.4073,27.8844,1,5.4
8/19/2018,25.8479,27.124,117.7,20.5
8/20/2018,25.5359,26.2667,21.9,18
8/21/2018,25.9547,26.9203,0,15.4
8/22/2018,26.4443,27.3063,0.1,13.6
8/23/2018,26.5328,27.476,0,12.2
8/24/2018,25.8646,26.9286,0,11
8/25/2018,25.5677,26.9307,0,9.8
8/26/2018,25.6,27.0464,0,8.6
8/27/2018,25.4766,27.1755,0,7.5
8/28/2018,25.7953,27.6443,7.4,6.8
8/29/2018,26.1297,28.2198,0,6.2
8/30/2018,25.3443,27.1417,0,5.8
8/31/2018,25.2042,27.0901,0,5.4
9/1/2018,24.7474,26.7391,0,5
9/2/2018,24.3865,26.2766,0.8,4.2
9/3/2018,24.5807,26.5974,0,3.5
9/4/2018,24.0724,26.0417,0,3.2
9/5/2018,23.6083,25.6661,0,2.6
9/6/2018,23.876,25.7516,0,2
9/7/2018,22.7474,24.5552,0,1.3
9/8/2018,22.026,23.9974,0,1
9/9/2018,21.7505,23.7292,0,0.9
9/10/2018,21.9542,23.9063,0,0.5
9/11/2018,22.2807,24.1833,0,0
9/12/2018,22.5844,24.3651,0,0
9/13/2018,23.0969,24.9172,0,0
9/14/2018,23.2214,25.1682,0,0
9/15/2018,22.6828,24.6083,28.5,3.3
9/16/2018,22.1,23.9854,0,2.7
9/17/2018,21.2937,23.3312,0,2.375
9/18/2018,21.6266,23.6401,2.9,2.1
9/19/2018,21.2865,22.9932,16.7,1.8
9/20/2018,21.3969,23.0464,2.7,1.65
9/21/2018,21.2807,23.1219,0,1.45
9/22/2018,20.3568,22.3464,0,1.25
9/23/2018,19.2698,21.4005,0,0.5
9/24/2018,18.8458,20.9542,0,0
9/25/2018,18.4146,20.4974,0,0
9/26/2018,18.4646,20.6292,0,0
9/27/2018,18.301,20.612,0,0
9/28/2018,19.2068,21.3042,0,0
9/29/2018,18.9516,21.0984,0,0
9/30/2018,17.575,19.5578,0,0
10/1/2018,17.3234,18.9818,0,0
10/2/2018,17.1349,19.1849,0,0
10/3/2018,16.9781,19.2026,0,0
10/4/2018,17.3839,19.6745,0,0
10/5/2018,17.5062,19.8104,0.1,0
10/6/2018,17.238,19.5214,0,0
10/7/2018,16.6891,18.9609,0,0
10/8/2018,16.1974,18.4703,0,0
10/9/2018,15.9646,18.2922,0.4,0
10/10/2018,14.6458,16.5175,0,0
10/11/2018,14.0583,17.0047,0,0
10/12/2018,13.6307,17.349,0,0
10/13/2018,14.3484,17.9641,0,0
10/14/2018,14.9906,18.3604,0,0
10/15/2018,15.2594,18.4026,0,0
10/16/2018,15.2656,17.8505,0,0
10/17/2018,14.5766,16.9359,0,0
10/18/2018,13.4161,16.2328,0,0
10/19/2018,12.912,16.0656,0,0
10/20/2018,12.8052,16.2362,0,0
10/21/2018,13.4779,16.5995,0,0
10/22/2018,14.1946,15.6651,0,0
10/23/2018,13.8589,15.8151,0,0
10/24/2018,12.8365,15.1151,0,0
10/25/2018,12.9109,15.4786,0,0
10/26/2018,14.0385,16.899,0,0
10/27/2018,13.8526,16.688,0,0
10/28/2018,14.3391,17.1682,0,0
10/29/2018,13.5583,15.9672,0,0
10/30/2018,11.538,14.1557,0,0
10/31/2018,11.0766,13.9313,0,0
11/1/2018,10.401,12.9479,0,0
11/2/2018,10.301,12.901,0,0
11/3/2018,10.9562,13.7078,0,0
11/4/2018 00:00:00,11.7021,14.4948,0,0
11/5/2018 00:00:00,12.0167,14.2443,0,0
11/6/2018 00:00:00,11.2078,13.3625,0,0
11/7/2018 00:00:00,11.1484,13.5568,0,0
11/8/2018 00:00:00,10.8943,13.401,0,0
11/9/2018 00:00:00,9.9984,12.4349,0,0
11/10/2018 00:00:00,9.4469,12.0891,0,0
11/11/2018 00:00:00,10.2099,12.9505,0,0
11/12/2018 00:00:00,9.3396,12.1594,0,0
11/13/2018 00:00:00,9.0891,11.9594,0,0
11/14/2018 00:00:00,9.2052,11.9542,0,0
11/15/2018 00:00:00,10.0708,12.6495,0,0
11/16/2018 00:00:00,9.7417,11.8146,0,0
11/17/2018 00:00:00,8.0901,9.9833,0,0
11/18/2018 00:00:00,7.8307,9.1042,0,0
11/19/2018 00:00:00,7.2172,8.9922,0,0
11/20/2018 00:00:00,7.6417,9.7229,0,0
11/21/2018 00:00:00,8.337,10.1719,0,0
11/22/2018 00:00:00,6.8312,8.7781,0,0
11/23/2018 00:00:00,6.7755,8.7146,0,0
11/24/2018 00:00:00,7.3813,9.3984,0,0
11/25/2018 00:00:00,6.5625,8.7745,0,0
11/26/2018 00:00:00,7.437,9.6979,0,0
11/27/2018 00:00:00,7.6125,10.0078,0,0
11/28/2018 00:00:00,6.9089,9.1563,0,0
11/29/2018 00:00:00,7.5438,9.7672,0,0
11/30/2018 00:00:00,6.6688,8.8089,0,0
12/1/2018 00:00:00,6.5078,8.7755,0,0
12/2/2018 00:00:00,8.1177,10.4599,0,0
12/3/2018 00:00:00,8.9031,11.0948,0,0
12/4/2018 00:00:00,7.5182,9.2526,0,0
12/5/2018 00:00:00,6.0104,7.6177,0,0
12/6/2018 00:00:00,5.9099,7.2135,0,0
12/7/2018 00:00:00,3.9609,4.5542,0,0
12/8/2018 00:00:00,2.5281,2.8526,0,0
12/9/2018 00:00:00,1.9542,2.4245,0,0
12/10/2018 00:00:00,1.5177,2.6979,0,0
12/11/2018 00:00:00,2.1974,3.5401,0,0
12/12/2018 00:00:00,2.1286,2.3021,0,0
12/13/2018 00:00:00,1.7432,1.9208,0,0
12/14/2018 00:00:00,1.3641,1.9568,0,0
12/15/2018 00:00:00,1.4823,2.8427,0,0
12/16/2018 00:00:00,2.0505,3.8682,0,0
12/17/2018 00:00:00,1.9036,3.8068,0,0
12/18/2018 00:00:00,1.7078,3.8333,0,0
12/19/2018 00:00:00,1.6323,3.924,0,0
12/20/2018 00:00:00,1.5964,4.0115,0,0
12/21/2018 00:00:00,2.9792,5.6995,0,0
12/22/2018 00:00:00,2.9953,5.6901,0,0
12/23/2018 00:00:00,3.0344,5.299,0,0
12/24/2018 00:00:00,1.5391,3.1135,0,0
12/25/2018 00:00:00,1.375,3.5854,0,0
12/26/2018 00:00:00,1.6849,3.4281,0,0
12/27/2018 00:00:00,1.3047,2.3734,0,0
12/28/2018 00:00:00,0.8693,0.7714,0,0
12/29/2018 00:00:00,0.4943,-0.0464,0,0
12/30/2018 00:00:00,0.2146,0.0573,0,0
12/31/2018 00:00:00,0.0443,0.462,0,0
1/1/2019 00:00:00,-0.0474,0.7849,0,0
1/2/2019 00:00:00,-0.1568,0.5719,0,0
1/3/2019 00:00:00,-0.2703,0.9641,0,0
1/4/2019 00:00:00,-0.2594,2.4786,0,0
1/5/2019 00:00:00,-0.1839,1.9792,0,0
1/6/2019 00:00:00,-0.1693,2.3411,0,0
1/7/2019 00:00:00,-0.2109,1.8729,0,0
1/8/2019 00:00:00,-0.2422,1.4688,0,0
1/9/2019 00:00:00,-0.2823,1.6917,0,0
1/10/2019 00:00:00,-0.2781,1.9927,0,0
1/11/2019 00:00:00,-0.2672,2.2396,0,0
1/12/2019 00:00:00,-0.1792,2.8661,0,0
1/13/2019 00:00:00,-0.1583,2.3807,0,0
1/14/2019 00:00:00,-0.1755,2.2672,0,0
1/15/2019 00:00:00,-0.1302,1.8839,0,0
1/16/2019 00:00:00,-0.225,0.7068,0,0
1/17/2019 00:00:00,-0.3547,0.6677,0,0
1/18/2019 00:00:00,-0.4052,1.4016,0,0
1/19/2019 00:00:00,-0.3599,2.3552,0,0
1/20/2019 00:00:00,-0.3281,2.0823,0,0
1/21/2019 00:00:00,-0.3328,1.7021,0,0
1/22/2019 00:00:00,-0.3521,1.8052,0,0
1/23/2019 00:00:00,-0.3557,2.2391,0,0
1/24/2019 00:00:00,-0.2896,2.7687,0,0
1/25/2019 00:00:00,-0.1578,3.1224,0,0
1/26/2019 00:00:00,-0.2573,2.137,0,0
1/27/2019 00:00:00,-0.2745,2.4109,0,0
1/28/2019 00:00:00,-0.2245,2.8583,0,0
1/29/2019 00:00:00,-0.2182,2.7151,0,0
1/30/2019 00:00:00,-0.0464,3.4432,0,0
1/31/2019 00:00:00,0.1031,3.2318,0,0
2/1/2019 00:00:00,-0.0104,2.5,0,0
2/2/2019 00:00:00,0.0495,2.8339,0,0
2/3/2019 00:00:00,0.3016,3.7474,0,0
2/4/2019 00:00:00,0.2958,3.3573,0,0
2/5/2019 00:00:00,0.6234,4.176,0,0
2/6/2019 00:00:00,0.8464,3.7833,0,0
2/7/2019 00:00:00,0.4885,2.3193,0,0
2/8/2019 00:00:00,0.212,1.9187,0,0
2/9/2019 00:00:00,0.0339,1.6651,0,0
2/10/2019 00:00:00,-0.0198,2.026,0,0
2/11/2019 00:00:00,-0.049,2.0068,0,0
2/12/2019 00:00:00,0.0474,2.5156,0,0
2/13/2019 00:00:00,0.251,2.799,0.3,0
2/14/2019 00:00:00,0.2484,2.149,0,0
2/15/2019 00:00:00,0.3594,2.2359,2.1,0
2/16/2019 00:00:00,0.1844,1.7094,0,0
2/17/2019 00:00:00,0.0271,1.563,0,0
2/18/2019 00:00:00,0.0776,2.6557,0,0
2/19/2019 00:00:00,0.3724,3.5781,1.1,0
2/20/2019 00:00:00,0.5427,3.513,0,0
2/21/2019 00:00:00,0.4781,3.4594,0,0
2/22/2019 00:00:00,0.7536,4.174,0,0
2/23/2019 00:00:00,1.3807,5.1932,0,0
2/24/2019 00:00:00,1.5146,5.2458,0,0
2/25/2019 00:00:00,2.2052,5.9854,0,0
2/26/2019 00:00:00,2.4266,5.8495,0,0
2/27/2019 00:00:00,3.2443,6.9156,0,0
2/28/2019 00:00:00,3.2365,6.9953,0,0
3/1/2019 00:00:00,3.4849,7.3854,0,0
3/2/2019 00:00:00,4.0406,7.9953,0,0
3/3/2019 00:00:00,4.3641,8.3536,0,0
3/4/2019 00:00:00,4.6385,8.6036,0,0
3/5/2019 00:00:00,4.9776,8.9333,0,0
3/6/2019 00:00:00,4.8604,8.5094,0.1,0
3/7/2019 00:00:00,4.3807,7.7766,0,0
3/8/2019 00:00:00,4.6073,8.2224,0,0
3/9/2019 00:00:00,5.5328,8.8271,0,0
3/10/2019 00:00:00,5.3651,8.7135,0.1,0
3/11/2019 00:00:00,6.2021,9.2885,9.5,0
3/12/2019 00:00:00,6.049,8.8745,0,0
3/13/2019 00:00:00,5.6083,8.3797,0,0
3/14/2019 00:00:00,6.1677,9.4109,0,0
3/15/2019 00:00:00,6.3979,9.6875,0,0
3/16/2019 00:00:00,6.5417,9.6901,0,0
3/17/2019 00:00:00,6.7229,10.149,0,0
3/18/2019 00:00:00,7.7443,10.8609,0,0
3/19/2019 00:00:00,9.0875,12.7964,0,0
3/20/2019 00:00:00,9.4078,12.5583,0,0
3/21/2019 00:00:00,8.6359,11.5677,0.2,0
3/22/2019 00:00:00,7.5078,10.7224,0,0
3/23/2019 00:00:00,7.6677,10.9151,0,0
3/24/2019 00:00:00,7.6635,11.0594,0,0
3/25/2019 00:00:00,8.5708,12.4964,0,0
3/26/2019 00:00:00,9.2104,13.4219,0,0
3/27/2019 00:00:00,9.3771,13.4526,0,0
3/28/2019 00:00:00,8.1849,10.9885,0.2,0
3/29/2019 00:00:00,7.5474,10.1031,0,0
3/30/2019 00:00:00,7.4385,9.9943,0,0
3/31/2019 00:00:00,7.2385,10.2109,0,0
4/1/2019 00:00:00,7.9552,11.4078,0,0
4/2/2019 00:00:00,8.3427,11.7328,0,0
4/3/2019 00:00:00,8.5078,12.0281,0,0
4/4/2019 00:00:00,9.5391,13.5276,0,0
4/5/2019 00:00:00,10.5375,14.2849,0,0
4/6/2019 00:00:00,10.4635,13.8521,0,0
4/7/2019 00:00:00,10.3557,13.6672,0,0
4/8/2019 00:00:00,10.5104,13.0368,0,0
4/9/2019 00:00:00,9.3214,11.1,9.9,0
4/10/2019 00:00:00,9.8016,11.5675,0,0
4/11/2019 00:00:00,10.2797,12.5837,0,0
4/12/2019 00:00:00,10.4089,12.7538,0.1,0
4/13/2019 00:00:00,11.7719,13.9719,0.3,0
4/14/2019 00:00:00,12.2474,14.5559,0,0
4/15/2019 00:00:00,12.5,15.1288,0,0
4/16/2019 00:00:00,13.2214,15.3802,0,0
4/17/2019 00:00:00,14.087,15.9219,0,0
4/18/2019 00:00:00,13.9885,15.7194,0,0
4/19/2019 00:00:00,12.7307,14.1573,0,0
4/20/2019 00:00:00,12.8995,14.9226,0,0
4/21/2019 00:00:00,13.3203,15.4345,0,0
4/22/2019 00:00:00,13.3635,16.0194,0,0
4/23/2019 00:00:00,14.8906,18.0979,0,0
4/24/2019 00:00:00,14.7573,17.5286,0,0
4/25/2019 00:00:00,12.6729,14.7922,7.7,0
4/26/2019 00:00:00,12.8411,15.1766,0,0
4/27/2019 00:00:00,12.2536,15.1109,0,0
4/28/2019 00:00:00,12.863,15.7312,0,0
4/29/2019 00:00:00,14.1234,16.8182,0,0
4/30/2019 00:00:00,15.0146,17.8609,0,0
5/1/2019 00:00:00,15.1964,18.3563,0,0
5/2/2019 00:00:00,15.4036,18.9453,0,0
5/3/2019 00:00:00,15.8995,19.9729,0,0
5/4/2019 00:00:00,16.788,20.8958,0,0
5/5/2019 00:00:00,15.7234,19.6458,0,0
5/6/2019 00:00:00,14.5469,18.2417,0,0
5/7/2019 00:00:00,14.899,19.2964,0,0
5/8/2019 00:00:00,15.6375,20.0661,0,0
5/9/2019 00:00:00,16.2224,20.813,0,0
5/10/2019 00:00:00,16.8193,21.5078,0,0
5/11/2019 00:00:00,17.6891,21.8703,0,0
5/12/2019 00:00:00,18.25,22.3687,0.3,0
5/13/2019 00:00:00,17.612,21.5479,0,0
5/14/2019 00:00:00,17.2573,20.6026,0,0
5/15/2019 00:00:00,18.401,21.6734,0,0
5/16/2019 00:00:00,19.3719,22.5469,0,0
5/17/2019 00:00:00,19.7214,22.6698,0,0
5/18/2019 00:00:00,19.5875,22.5615,0,0
5/19/2019 00:00:00,19.2083,22.4885,0,0
5/20/2019 00:00:00,17.876,20.9271,0,0
5/21/2019 00:00:00,17.7099,21.4594,0,0
5/22/2019 00:00:00,18.5802,22.9443,0,0
5/23/2019 00:00:00,19.9464,24.6349,0,0
5/24/2019 00:00:00,20.5141,25.2307,0,0
5/25/2019 00:00:00,21.1776,25.3896,0,0
5/26/2019 00:00:00,21.6828,25.499,0.7,0
5/27/2019 00:00:00,20.7594,24.3182,0,0
5/28/2019 00:00:00,20.1604,24.1089,0,0
5/29/2019 00:00:00,20.6521,24.812,0,0
5/30/2019 00:00:00,20.7932,25.0557,0,0
5/31/2019 00:00:00,20.4833,24.7146,0,0
6/1/2019 00:00:00,19.8266,23.9031,7.8,0
6/2/2019 00:00:00,20.6667,23.826,0,0
6/3/2019 00:00:00,21.762,25.1948,0,0
6/4/2019 00:00:00,21.4755,24.949,0,0
6/5/2019 00:00:00,21.0219,23.9661,15,0
6/6/2019 00:00:00,21.0464,23.4161,0.1,0
6/7/2019 00:00:00,21.1125,23.6833,0,0
6/8/2019 00:00:00,21.9099,24.5635,11.9,0
6/9/2019 00:00:00,21.8875,24.1865,8.9,0
6/10/2019 00:00:00,21.5208,24.2349,0,0
6/11/2019 00:00:00,21.8932,24.626,0,0
6/12/2019 00:00:00,22.5307,25.1396,0,0
6/13/2019 00:00:00,22.7703,25.3297,1.1,0
6/14/2019 00:00:00,23.0786,25.8089,0,0
6/15/2019 00:00:00,22.8682,25.7937,0,0
6/16/2019 00:00:00,21.8703,24.3182,0,0
6/17/2019 00:00:00,21.7776,24.3323,0,0
6/18/2019 00:00:00,22.9542,26.2302,0,0
6/19/2019 00:00:00,23.2932,26.0734,7.1,0
6/20/2019 00:00:00,23.5495,26.0615,3.1,0
6/21/2019 00:00:00,23.5979,26.1234,0,0
6/22/2019 00:00:00,22.9797,26.0146,0,0
6/23/2019 00:00:00,23.0115,26.5297,0,0
6/24/2019 00:00:00,23.4234,27.0141,0,0
6/25/2019 00:00:00,23.7599,26.9104,0,0
6/26/2019 00:00:00,23.6729,26.674,0,0
6/27/2019 00:00:00,23.9839,27.325,0,0
6/28/2019 00:00:00,23.6219,26.7812,0,0
6/29/2019 00:00:00,23.8333,26.9406,0,0
6/30/2019 00:00:00,24.0052,27.3797,0,0
7/1/2019 00:00:00,23.7594,27.3333,0,0
7/2/2019 00:00:00,23.7255,27.2609,2.2,0
7/3/2019 00:00:00,24.488,27.8708,0,0
7/4/2019 00:00:00,24.6807,28.2479,0,0
7/5/2019 00:00:00,25.463,28.8656,0,0
7/6/2019 00:00:00,24.2943,27.1635,30.6,0
7/7/2019 00:00:00,23.0833,24.8177,13.8,0
7/8/2019 00:00:00,23.5,25.7172,0,0
7/9/2019 00:00:00,23.5266,25.9036,3.5,0
7/10/2019 00:00:00,23.7,25.9266,0.7,0
7/11/2019 00:00:00,23.9036,26.3062,0.4,0
7/12/2019 00:00:00,24.0141,26.7776,0,0
7/13/2019 00:00:00,24.3401,27.176,0,0
7/14/2019 00:00:00,24.1151,26.7818,1.4,0
7/15/2019 00:00:00,24.1885,26.9339,0.1,0
7/16/2019 00:00:00,24.6469,27.5042,0,0
7/17/2019 00:00:00,24.9573,27.4708,0,0
7/18/2019 00:00:00,25.2052,27.6401,0,0
7/19/2019 00:00:00,25.5078,28.3615,0,0
7/20/2019 00:00:00,25.6917,28.8234,0,0
7/21/2019 00:00:00,26.1391,29.5161,0,0
7/22/2019 00:00:00,26.8688,30.3427,0,0
7/23/2019 00:00:00,26.8432,29.6187,2.9,0
7/24/2019 00:00:00,27.1453,30.0911,0.1,0
7/25/2019 00:00:00,27.226,30.3505,0,0
7/26/2019 00:00:00,27.3141,30.4943,0,0
7/27/2019 00:00:00,27.7125,30.7526,0,0
7/28/2019 00:00:00,27.9938,30.9427,0,0
7/29/2019 00:00:00,28.1016,30.9422,0,0
7/30/2019 00:00:00,27.4302,29.6156,12,0
7/31/2019 00:00:00,27.2859,29.6687,0,0
8/1/2019 00:00:00,27.7359,30.3859,0,0
8/2/2019 00:00:00,27.0448,29.4302,0.2,0
8/3/2019 00:00:00,26.5318,28.924,0.3,0
8/4/2019 00:00:00,27.051,29.4568,0,0
8/5/2019 00:00:00,27.1792,29.5365,0,0
8/6/2019 00:00:00,27.1573,29.2734,2,0
8/7/2019 00:00:00,26.5516,28.2547,13.8,1.1
8/8/2019 00:00:00,26.5271,27.263,47.2,2.5
8/9/2019 00:00:00,27.5714,28.5411,0.3,2.2
8/10/2019 00:00:00,27.051,27.9516,39.8,5.8
8/11/2019 00:00:00,25.5448,26.1797,169.2,29.8
8/12/2019 00:00:00,24.5354,25.0922,25.9,22
8/13/2019 00:00:00,24.6708,25.4094,2.4,18.1
8/14/2019 00:00:00,24.7135,25.575,3,15.2
8/15/2019 00:00:00,24.9,26.0031,0,10
8/16/2019 00:00:00,25.162,26.226,0,8.1
8/17/2019 00:00:00,24.4229,25.4375,0,7.425
8/18/2019 00:00:00,24.5057,25.613,0,6.4
8/19/2019 00:00:00,25.0229,26.1245,0,5.725
8/20/2019 00:00:00,25.1958,26.3568,0,4.65
8/21/2019 00:00:00,25.6401,26.826,11.4,4.475
8/22/2019 00:00:00,24.9161,26.2891,0,3.775
8/23/2019 00:00:00,24.6292,26.2266,0,3.25
8/24/2019 00:00:00,24.8099,26.6984,0,2.575
8/25/2019 00:00:00,25.0203,26.8161,0,2.3
8/26/2019 00:00:00,25.013,26.5208,0,1.975
8/27/2019 00:00:00,25.0542,26.3526,0,0.5
8/28/2019 00:00:00,25.1109,26.0177,0,0.2
8/29/2019 00:00:00,24.2359,25.2271,0,0
8/30/2019 00:00:00,23.6948,24.8609,0,0
8/31/2019 00:00:00,23.6146,25.013,0,0
9/1/2019 00:00:00,23.7927,25.1224,0,0
9/2/2019 00:00:00,24.2083,25.5016,0,0
9/3/2019 00:00:00,23.6719,25.0115,0,0
9/4/2019 00:00:00,23.7219,25.1719,0,0
9/5/2019 00:00:00,23.9547,25.4609,0,0
9/6/2019 00:00:00,23.9719,25.5141,0,0
9/7/2019 00:00:00,23.8245,25.2875,0,0
9/8/2019 00:00:00,24.363,25.9813,0,0
9/9/2019 00:00:00,24.7391,26.3302,0,0
9/10/2019 00:00:00,24.0635,25.4792,0,0
9/11/2019 00:00:00,22.7969,23.9542,0,0
9/12/2019 00:00:00,22.676,23.9687,0,0
9/13/2019 00:00:00,22.6875,23.9547,13.9,0
9/14/2019 00:00:00,22.5521,23.9125,0,0
9/15/2019 00:00:00,22.4771,23.9312,0,0
9/16/2019 00:00:00,22.0495,23.2516,0,0
9/17/2019 00:00:00,21.3307,22.6615,0,0
9/18/2019 00:00:00,20.9323,22.1938,0,0
9/19/2019 00:00:00,19.7453,21.1646,0,0
9/20/2019 00:00:00,19.9203,21.1828,0,0
9/21/2019 00:00:00,20.199,21.3464,0,0
9/22/2019 00:00:00,20.3323,21.3818,0,0
9/23/2019 00:00:00,20.1469,21.1578,0,0
9/24/2019 00:00:00,20.5489,21.4813,0,0
9/25/2019 00:00:00,19.951,21.7568,0,0
9/26/2019 00:00:00,19.8615,21.4599,0,0
9/27/2019 00:00:00,20.5955,22.2635,0,0
9/28/2019 00:00:00,20.7398,22.4578,0,0
9/29/2019 00:00:00,21.2943,23.1625,0,0
9/30/2019 00:00:00,21.6021,23.4578,0,0
10/1/2019 00:00:00,21.4148,23.1917,0,0
10/2/2019 00:00:00,20.9385,22.7437,0,0
10/3/2019 00:00:00,20.7075,22.3979,0,0
10/4/2019 00:00:00,19.7384,21.1745,3.4,0
10/5/2019 00:00:00,17.7924,18.7604,0,0
10/6/2019 00:00:00,16.9866,18.0995,0.6,0
10/7/2019 00:00:00,17.3979,18.3964,0.1,0
10/8/2019 00:00:00,17.2236,18.3286,0,0
10/9/2019 00:00:00,16.9259,18.1557,1.3,0
10/10/2019 00:00:00,17.4797,18.6646,1.3,0
10/11/2019 00:00:00,17.8644,19.1016,0,0
10/12/2019 00:00:00,17.4333,18.7177,0,0
10/13/2019 00:00:00,16.6425,17.9104,0,0
10/14/2019 00:00:00,15.701,16.7172,0,0
10/15/2019 00:00:00,14.5767,15.6281,0,0
10/16/2019 00:00:00,14.3208,15.5734,0,0
10/17/2019 00:00:00,14.8106,16.1474,0,0
10/18/2019 00:00:00,15.0226,16.3901,0,0
10/19/2019 00:00:00,14.7368,16.2052,0,0
10/20/2019 00:00:00,15.6318,17.1203,0,0
10/21/2019 00:00:00,15.6507,17.3578,0,0
10/22/2019 00:00:00,14.929,16.6766,0,0
10/23/2019 00:00:00,15.5295,17.3026,0,0
10/24/2019 00:00:00,15.2016,17.0479,0,0
10/25/2019 00:00:00,14.6888,16.9078,0,0
10/26/2019 00:00:00,14.0646,16.9333,0,0
10/27/2019 00:00:00,12.7979,14.387,0,0
10/28/2019 00:00:00,13.1302,14.3276,0,0
10/29/2019 00:00:00,12.2698,13.5193,0,0
10/30/2019 00:00:00,12.7339,14.0396,0,0
10/31/2019 00:00:00,12.9568,14.4573,0,0
11/1/2019 00:00:00,12.8677,14.2677,0,0
11/2/2019 00:00:00,13.6599,14.976,0,0
11/3/2019 00:00:00,13.7875,14.788,1,0
11/4/2019 00:00:00,12.1656,13.162,0,0
11/5/2019 00:00:00,11.6854,12.7828,0,0
11/6/2019 00:00:00,11.5521,12.5703,0,0
11/7/2019 00:00:00,11.8786,12.738,0,0
11/8/2019 00:00:00,10.6214,11.4344,0,0
11/9/2019 00:00:00,10.9448,11.8479,0,0
11/10/2019 00:00:00,11.8599,12.726,8.8,0
11/11/2019 00:00:00,11.0859,12.0078,0,0
11/12/2019 00:00:00,11.7573,12.7578,0,0
11/13/2019 00:00:00,11.9688,13.0641,0,0
11/14/2019 00:00:00,9.712,10.6307,0,0
11/15/2019 00:00:00,9.9271,10.8167,0,0
11/16/2019 00:00:00,10.3526,11.2411,0,0
11/17/2019 00:00:00,11.5901,12.5292,10.3,0
11/18/2019 00:00:00,8.6859,9.4948,0,0
11/19/2019 00:00:00,6.8885,7.6021,0,0
11/20/2019 00:00:00,6.8286,7.5797,0,0
11/21/2019 00:00:00,8.763,9.4823,0.1,0
11/22/2019 00:00:00,9.6563,10.5604,0,0
11/23/2019 00:00:00,11.0156,11.9333,0,0
11/24/2019 00:00:00,10.3708,11.4865,0,0
11/25/2019 00:00:00,8.0115,9.074,0,0
11/26/2019 00:00:00,6.5719,7.4859,0,0
11/27/2019 00:00:00,6.2625,6.8833,0,0
11/28/2019 00:00:00,5.7771,6.3651,0,0
11/29/2019 00:00:00,5.6458,6.0786,0,0
11/30/2019 00:00:00,6.8078,7.4422,0,0
12/1/2019 00:00:00,6.7526,7.4771,0,0
12/2/2019 00:00:00,5.5708,5.9865,0,0
12/3/2019 00:00:00,4.8651,5.2818,0,0
12/4/2019 00:00:00,4.6333,5.2245,0,0
12/5/2019 00:00:00,4.6979,5.1427,0.4,0
12/6/2019 00:00:00,3.312,3.8115,0,0
12/7/2019 00:00:00,3.9464,4.5349,0,0
12/8/2019 00:00:00,3.9464,4.6391,0,0
12/9/2019 00:00:00,4.7289,5.3677,0,0
12/10/2019 00:00:00,4.9474,5.5292,0,0
12/11/2019 00:00:00,4.2594,4.7161,0.2,0
12/12/2019 00:00:00,3.4875,4.0391,0,0
12/13/2019 00:00:00,4.6879,5.2,0,0
12/14/2019 00:00:00,4.1089,4.8526,0,0
12/15/2019 00:00:00,4.8385,5.5604,0,0
12/16/2019 00:00:00,5.6786,6.4406,0.01,0
12/17/2019 00:00:00,5.4557,6.0573,0,0
12/18/2019 00:00:00,4.5141,5.126,0,0
12/19/2019 00:00:00,3.3531,4.0047,0,0
12/20/2019 00:00:00,2.7167,3.3385,0,0
12/21/2019 00:00:00,2.7182,3.4328,0,0
12/22/2019 00:00:00,3.1036,3.9214,0,0
12/23/2019 00:00:00,3.1911,3.9521,0,0
12/24/2019 00:00:00,3.0979,3.8906,0,0
12/25/2019 00:00:00,4.2046,5.0979,0,0
12/26/2019 00:00:00,4.1024,4.9656,0,0
12/27/2019 00:00:00,2.9089,3.7307,0,0
12/28/2019 00:00:00,3.2,3.9667,0,0
12/29/2019 00:00:00,4.0266,4.9813,0,0
12/30/2019 00:00:00,3.7089,4.6307,0,0
12/31/2019 00:00:00,1.9318,2.2547,0,0
1/1/2020 00:00:00,0.9375,2.062,0,0
1/2/2020 00:00:00,0.8187,2.4507,0,0
1/3/2020 00:00:00,0.7042,2.5153,0,0
1/4/2020 00:00:00,0.7635,3.0653,0,0
1/5/2020 00:00:00,0.9115,3.4,0,0
1/6/2020 00:00:00,2.3302,4.9563,0.3,0
1/7/2020 00:00:00,3.0161,4.9576,0.1,0
1/8/2020 00:00:00,2.4453,3.6319,4,0
1/9/2020 00:00:00,1.7156,3.2951,0.1,0
1/10/2020 00:00:00,1.5198,3.5812,0,0
1/11/2020 00:00:00,1.5,3.4806,0,0
1/12/2020 00:00:00,1.3719,3.2292,0,0
1/13/2020 00:00:00,1.1339,2.7924,0,0
1/14/2020 00:00:00,0.9911,2.5597,0.3,0
1/15/2020 00:00:00,0.7479,2.084,0,0
1/16/2020 00:00:00,0.6438,2.4583,0,0
1/17/2020 00:00:00,0.7474,3.2958,0,0
1/18/2020 00:00:00,0.85,3.1903,0,0
1/19/2020 00:00:00,0.925,3.1472,0,0
1/20/2020 00:00:00,0.8156,2.841,0,0
1/21/2020 00:00:00,0.7078,2.8076,0,0
1/22/2020 00:00:00,1.0516,4.0764,0,0
1/23/2020 00:00:00,1.2823,4.3542,0,0
1/24/2020 00:00:00,1.513,3.9958,0,0
1/25/2020 00:00:00,1.3021,3.6924,0,0
1/26/2020 00:00:00,1.1255,3.4396,0,0
1/27/2020 00:00:00,1.9786,4.5486,0,0
1/28/2020 00:00:00,2.3714,4.9326,3.5,0
1/29/2020 00:00:00,2.687,4.8243,0.1,0
1/30/2020 00:00:00,1.9104,3.8083,0,0
1/31/2020 00:00:00,1.3802,3.4007,0,0
2/1/2020 00:00:00,1.451,3.8056,0,0
2/2/2020 00:00:00,1.7161,4.0604,0,0
2/3/2020 00:00:00,1.3755,3.4903,0.1,0
2/4/2020 00:00:00,1.2302,3.1653,0,0
2/5/2020 00:00:00,0.8078,1.9597,0,0
2/6/2020 00:00:00,0.8333,1.9764,0,0
2/7/2020 00:00:00,1.1443,3.0507,0,0
2/8/2020 00:00:00,1.7271,3.766,0,0
2/9/2020 00:00:00,1.8177,3.7549,0,0
2/10/2020 00:00:00,2.1401,4.7097,0,0
2/11/2020 00:00:00,3.1229,5.7528,0,0
2/12/2020 00:00:00,4.3,6.9458,0,0
2/13/2020 00:00:00,4.8719,7.5181,0,0
2/14/2020 00:00:00,4.9828,7.0458,2.3,0
2/15/2020 00:00:00,3.4438,4.434,4.3,0
2/16/2020 00:00:00,2.9906,3.6597,0.3,0
2/17/2020 00:00:00,2.4797,2.9729,0.1,0
2/18/2020 00:00:00,2.4583,2.9569,0,0
2/19/2020 00:00:00,3.2952,4.1354,0,0
2/20/2020 00:00:00,4.0455,4.9681,0,0
2/21/2020 00:00:00,4.788,6.3118,3.7,0
2/22/2020 00:00:00,4.1161,5.7597,0,0
2/23/2020 00:00:00,4.0109,5.634,0,0
2/24/2020 00:00:00,5.0651,6.5854,7.6,0
2/25/2020 00:00:00,5.3042,6.5917,4.4,0
2/26/2020 00:00:00,4.687,5.9528,0,0
2/27/2020 00:00:00,3.8922,5.5361,0,0
2/28/2020 00:00:00,4.5661,6.2917,3.3,0
2/29/2020 00:00:00,5.1318,6.9389,0,0
3/1/2020 00:00:00,5.2562,7.1021,0,0
3/2/2020 00:00:00,4.5219,6.3917,0,0
3/3/2020 00:00:00,5.2677,6.6257,0,0
3/4/2020 00:00:00,4.4234,6.0382,0,0
3/5/2020 00:00:00,3.5214,5.3833,0,0
3/6/2020 00:00:00,4.9505,6.5146,0,0
3/7/2020 00:00:00,6.2484,7.816,3.8,0
3/8/2020 00:00:00,6.5859,8.2694,0,0
3/9/2020 00:00:00,6.3005,7.9361,0.9,0
3/10/2020 00:00:00,5.8557,7.3729,0,0
3/11/2020 00:00:00,5.6865,7.3986,0,0
3/12/2020 00:00:00,6.9234,8.5965,0,0
3/13/2020 00:00:00,6.5958,8.0285,0,0
3/14/2020 00:00:00,6.3141,7.9049,0,0
3/15/2020 00:00:00,6.3528,8.166,0,0
3/16/2020 00:00:00,6.5281,8.059,0,0
3/17/2020 00:00:00,7.4937,9.5396,0,0
3/18/2020 00:00:00,8.799,11.0924,0,0
3/19/2020 00:00:00,8.6458,10.5778,0,0
3/20/2020 00:00:00,8.7432,10.7139,0,0
3/21/2020 00:00:00,9.0432,11.3722,0,0
3/22/2020 00:00:00,8.6188,10.8187,0,0
3/23/2020 00:00:00,9.1182,11.6833,0,0
3/24/2020 00:00:00,9.9594,12.4028,0,0
3/25/2020 00:00:00,10.6125,12.6042,0,0
3/26/2020 00:00:00,9.9417,11.8736,0.5,0
3/27/2020 00:00:00,8.8151,10.3021,0,0
3/28/2020 00:00:00,8.5646,10.4646,0,0
3/29/2020 00:00:00,8.4906,10.7625,0,0
3/30/2020 00:00:00,9.187,11.6465,0,0
3/31/2020 00:00:00,9.7495,12.3715,0,0
4/1/2020 00:00:00,9.6068,11.9229,0,0
4/2/2020 00:00:00,9.3807,11.9479,0,0
4/3/2020 00:00:00,9.7151,12.5132,0,0
4/4/2020 00:00:00,9.9297,12.4465,0,0
4/5/2020 00:00:00,9.012,11.5819,0,0
4/6/2020 00:00:00,10.0307,12.984,0,0
4/7/2020 00:00:00,10.3385,13.2243,0,0
4/8/2020 00:00:00,10.0062,12.3667,0,0
4/9/2020 00:00:00,9.1938,11.1174,4.5,0
4/10/2020 00:00:00,9.6448,11.6403,0,0
4/11/2020 00:00:00,10.1703,12.7514,0,0
4/12/2020 00:00:00,10.2365,12.8382,0,0
4/13/2020 00:00:00,10.6005,13.3458,0,0
4/14/2020 00:00:00,11.4724,14.6729,0,0
4/15/2020 00:00:00,12.1156,15.4833,0,0
4/16/2020 00:00:00,12.3724,14.9653,6.7,0
4/17/2020 00:00:00,12.1068,14.5792,0,0
4/18/2020 00:00:00,12.1557,15.1799,0,0
4/19/2020 00:00:00,12.7854,15.8424,0.6,0
4/20/2020 00:00:00,12.6672,15.2028,0,0
4/21/2020 00:00:00,11.7792,14.1757,0,0
4/22/2020 00:00:00,11.1083,13.5007,0,0
4/23/2020 00:00:00,11.0448,13.6424,0,0
4/24/2020 00:00:00,11.4161,14.1472,0,0
4/25/2020 00:00:00,12.4776,15.1958,0,0
4/26/2020 00:00:00,12.3288,15.3806,0,0
4/27/2020 00:00:00,12.4375,16.141,0,0
4/28/2020 00:00:00,13.1734,17.3042,0,0
4/29/2020 00:00:00,14.1961,18.2361,0,0
4/30/2020 00:00:00,15.6773,19.3306,0,0
5/1/2020 00:00:00,17.131,21.1937,0,0
5/2/2020 00:00:00,17.9154,21.859,0,0
5/3/2020 00:00:00,17.3924,20.775,0,0
5/4/2020 00:00:00,15.2841,17.4514,12.7,0
5/5/2020 00:00:00,15.5729,18.1694,0,0
5/6/2020 00:00:00,16.0643,19.134,0,0
5/7/2020 00:00:00,15.9711,18.8667,0,0
5/8/2020 00:00:00,14.8456,16.8771,28.4,0
5/9/2020 00:00:00,14.4341,15.8458,0.3,0
5/10/2020 00:00:00,16.1849,18.1007,0.1,0
5/11/2020 00:00:00,15.3625,17.8257,0,0
5/12/2020 00:00:00,15.8281,17.8819,0,0
5/13/2020 00:00:00,16.6956,18.8375,0,0
5/14/2020 00:00:00,16.8906,19.1444,2,0
5/15/2020 00:00:00,17.1648,19.0799,0,0
5/16/2020 00:00:00,17.6443,19.5319,6.3,0
5/17/2020 00:00:00,18.1964,20.4229,6,0
5/18/2020 00:00:00,17.0411,19.15,2.1,0
5/19/2020 00:00:00,17.1349,19.0993,0,0
5/20/2020 00:00:00,17.9307,20.3465,0,0
5/21/2020 00:00:00,18.8185,20.784,0.1,0
5/22/2020 00:00:00,19.4958,21.4542,0.9,0
5/23/2020 00:00:00,18.7589,21.0299,0,0
5/24/2020 00:00:00,18.4922,20.9014,0,0
5/25/2020 00:00:00,19.1422,21.866,14,0
5/26/2020 00:00:00,19.149,21.4104,2.6,0
5/27/2020 00:00:00,19.406,21.7583,0,0
5/28/2020 00:00:00,19.6013,21.9826,0,0
5/29/2020 00:00:00,20.2047,22.1306,0,0
5/30/2020 00:00:00,20.6307,22.5792,0,0
5/31/2020 00:00:00,20.099,21.9104,0,0
6/1/2020 00:00:00,19.8039,22.034,10.5,0
6/2/2020 00:00:00,20.5698,22.5847,6.4,0
6/3/2020 00:00:00,21.5159,23.9076,0,0
6/4/2020 00:00:00,21.3312,23.7938,0,0
6/5/2020 00:00:00,20.9526,22.5736,0,0
6/6/2020 00:00:00,21.3047,23.2313,0,0
6/7/2020 00:00:00,21.7818,24.741,0,0
6/8/2020 00:00:00,23.0026,26.0417,0,0
6/9/2020 00:00:00,22.3792,24.6778,0,0
6/10/2020 00:00:00,22.8281,24.7417,24.2,0
6/11/2020 00:00:00,22.8911,24.8417,0,0
6/12/2020 00:00:00,23.0151,24.5576,0,0
6/13/2020 00:00:00,23.2099,24.6771,0,0
6/14/2020 00:00:00,23.5891,25.3132,0,0
6/15/2020 00:00:00,22.9839,25.2431,0,0
6/16/2020 00:00:00,22.838,25.284,0,0
6/17/2020 00:00:00,22.6589,25.0639,0,0
6/18/2020 00:00:00,21.9375,24.0042,0,0
6/19/2020 00:00:00,22.5146,24.4597,0,0
6/20/2020 00:00:00,23.3885,25.4757,0,0
6/21/2020 00:00:00,24.0026,25.7257,0,0
6/22/2020 00:00:00,23.9307,25.4326,0,0
6/23/2020 00:00:00,22.9755,24.4653,8.2,0
6/24/2020 00:00:00,22.2646,23.4688,1,0
6/25/2020 00:00:00,21.9484,23.3882,0,0
6/26/2020 00:00:00,22.8687,24.1903,4.7,0
6/27/2020 00:00:00,23.8464,25.1861,0,0
6/28/2020 00:00:00,24.1255,25.541,0,0
6/29/2020 00:00:00,24.1016,25.5035,0,0
6/30/2020 00:00:00,23.6219,25.3368,0,0
7/1/2020 00:00:00,24.0167,25.8792,0,0
7/2/2020 00:00:00,24.1917,26.2132,0,0
7/3/2020 00:00:00,24.1078,25.6736,0,0
7/4/2020 00:00:00,24.1375,25.7278,0,0
7/5/2020 00:00:00,23.8745,25.2729,41.8,0
7/6/2020 00:00:00,24.1938,25.4139,13.7,0
7/7/2020 00:00:00,24.188,25.8951,0,0
7/8/2020 00:00:00,24.1651,25.884,0,0
7/9/2020 00:00:00,23.3807,25.1326,0,0
7/10/2020 00:00:00,23.5958,25.2743,0,0
7/11/2020 00:00:00,23.6187,25.4861,0,0
7/12/2020 00:00:00,23.2203,25.0208,22.9,0
7/13/2020 00:00:00,22.7385,24.341,7.5,0
7/14/2020 00:00:00,23.3604,25.0854,0,0
7/15/2020 00:00:00,24.2677,26.0542,0,0
7/16/2020 00:00:00,24.975,26.8181,0,0
7/17/2020 00:00:00,25.1333,26.7194,0,0
7/18/2020 00:00:00,24.2281,25.6431,0,0
7/19/2020 00:00:00,23.1641,24.8097,0.6,0
7/20/2020 00:00:00,23.7125,25.3111,0.1,0
7/21/2020 00:00:00,24.2365,26.2035,0,0
7/22/2020 00:00:00,23.9068,26.0556,0,0
7/23/2020 00:00:00,20.5443,25.5493,0,0
7/24/2020 00:00:00,24.588,25.725,0,0
7/25/2020 00:00:00,25.3104,26.8396,0,0
7/26/2020 00:00:00,24.7948,26.6236,0.1,0
7/27/2020 00:00:00,24.6766,26.1264,0,0
7/28/2020 00:00:00,25.3349,26.5139,0,0
7/29/2020 00:00:00,25.9724,27.0493,2,0
7/30/2020 00:00:00,26.6734,27.5972,0,0
7/31/2020 00:00:00,26.6443,27.6764,7.2,0
8/1/2020 00:00:00,26.7865,27.7528,0,0
8/2/2020 00:00:00,27.2927,28.2556,0.4,0
8/3/2020 00:00:00,27.6583,28.7389,10.4,0
8/4/2020 00:00:00,27.4208,28.0826,7.9,0
8/5/2020 00:00:00,26.9984,27.9694,0,0
8/6/2020 00:00:00,26.2208,27.3535,2.2,0
8/7/2020 00:00:00,25.5839,26.3264,28.7,0
8/8/2020 00:00:00,25.9469,26.5479,0.1,0
8/9/2020 00:00:00,26.1646,26.9924,0,0
8/10/2020 00:00:00,26.1682,27.1701,0,0
8/11/2020 00:00:00,26.8745,27.7639,0,0
8/12/2020 00:00:00,26.7448,27.8583,0,0
8/13/2020 00:00:00,26.1432,27.1611,62.1,0
8/14/2020 00:00:00,26.5714,27.5576,0.1,0
8/15/2020 00:00:00,26.7781,27.8778,32.1,9.25
8/16/2020 00:00:00,25.8781,26.9667,39,7.625
8/17/2020 00:00:00,26.4161,27.8694,0,6
8/18/2020 00:00:00,27.8458,29.2326,6.5,4.5
8/19/2020 00:00:00,27.5359,28.7965,0.3,3.6
8/20/2020 00:00:00,25.3193,26.4278,36.3,5.1
8/21/2020 00:00:00,24.1391,25.6417,0,4
8/22/2020 00:00:00,23.5971,25.7292,0,7
8/23/2020 00:00:00,24.101,26.3708,0,5.95
8/24/2020 00:00:00,24.974,26.7146,10.7,7.5
8/25/2020 00:00:00,24.3402,26.2729,0,6.25
8/26/2020 00:00:00,24.2229,26.084,3.9,5.8625
8/27/2020 00:00:00,24.1802,25.8597,0.7,5.475
8/28/2020 00:00:00,24.6005,26.3875,0,5.0875
8/29/2020 00:00:00,24.6589,26.65,0,4.7
8/30/2020 00:00:00,24.8089,26.7014,0,3.6
8/31/2020 00:00:00,25.0214,26.8333,12.3,4.5
9/1/2020 00:00:00,24.9823,26.7229,0,4.15
9/2/2020 00:00:00,24.3391,26.2708,0,3.375
9/3/2020 00:00:00,22.7573,24.6167,6.3,4.025
9/4/2020 00:00:00,22.3687,23.9743,0,3.2
9/5/2020 00:00:00,23.3365,24.6875,0,2.275
9/6/2020 00:00:00,23.6302,25.2722,0,1.45
9/7/2020 00:00:00,23.7406,25.5097,0,0.5
9/8/2020 00:00:00,22.4068,25.4479,18.2,0
9/9/2020 00:00:00,22.5656,25.4993,0,0
9/10/2020 00:00:00,22.2339,24.9681,0.1,0
9/11/2020 00:00:00,22.7677,24.4118,17.4,0
9/12/2020 00:00:00,22.5755,24.125,3,0
9/13/2020 00:00:00,22.4677,24.1611,0,0
9/14/2020 00:00:00,22.2672,24.1583,0,0
9/15/2020 00:00:00,22.8297,24.3451,11.9,0
9/16/2020 00:00:00,22.5344,23.741,0.2,0
9/17/2020 00:00:00,21.2068,22.6868,0,0
9/18/2020 00:00:00,20.4411,23.4236,0,0
9/19/2020 00:00:00,19.8125,21.9306,0,0
9/19/2020 23:59:59,20.6182,22.4,0,0
9/21/2020 00:00:00,20.0813,21.7285,0,0
9/22/2020 00:00:00,20.4099,22.0188,0,0
9/23/2020 00:00:00,20.6932,22.1722,0,0
9/24/2020 00:00:00,20.7021,22.0757,0.1,0
9/25/2020 00:00:00,20.3813,21.8528,0,0
9/26/2020 00:00:00,19.7865,21.3208,0,0
9/27/2020 00:00:00,19.6818,21.2375,0,0
9/28/2020 00:00:00,20.0089,21.4625,0,0
9/29/2020 00:00:01,19.7995,21.4437,0,0
9/30/2020 00:00:01,18.7708,20.6396,0,0
10/1/2020 00:00:02,18.4875,20.3208,0,0
10/2/2020 00:00:02,18.6958,20.4979,0.1,0
10/3/2020 00:00:03,17.7229,19.7896,0,0
10/4/2020 00:00:03,16.8083,19.1187,0,0
10/5/2020 00:00:04,15.9995,18.3167,0,0
10/6/2020 00:00:04,15.3781,17.6479,0,0
10/7/2020 00:00:05,15.7151,17.7604,0,0
10/8/2020 00:00:05,15.626,17.6396,0,0
10/9/2020 00:00:06,15.9885,17.8833,0,0
10/10/2020 00:00:06,15.7052,17.9625,0,0
10/11/2020 00:00:07,16.7833,18.9125,0,0
10/12/2020 00:00:07,16.6672,18.8,0,0
10/13/2020 00:00:08,15.5922,17.7688,0,0
10/14/2020 00:00:08,15.7,17.875,0,0
10/15/2020 00:00:08,15.2563,17.4521,0,0
10/16/2020 00:00:09,15.263,17.4542,0,0
10/17/2020 00:00:09,14.2557,16.4313,0,0
10/18/2020 00:00:10,14.2641,16.4104,0,0
10/19/2020 00:00:10,14.1656,16.3167,0,0
10/20/2020 00:00:11,14.476,16.6333,0,0
10/21/2020 00:00:11,14.9609,17.1333,0,0
10/22/2020 00:00:12,13.3771,15.5958,0,0
10/23/2020 00:00:12,12.3516,14.5833,0,0
10/24/2020 00:00:13,11.9333,14.1208,0,0
10/25/2020 00:00:13,12.35,14.5062,0,0
10/26/2020 00:00:14,12.6641,14.8042,0,0
10/27/2020 00:00:14,12.8969,15.0667,0,0
10/28/2020 00:00:15,12.712,14.8792,0,0
10/29/2020 00:00:15,12.4552,14.6354,0,0
10/30/2020 00:00:16,12.4078,14.5542,0,0
10/31/2020 00:00:16,12.5885,14.7708,1.2,0
